Komentar Pengguna;Kategori;Label
bahkan chatgpt aja ngelag anjir gue suruh ngerjain karya ilmiah ?? emang boni sialan;Reliability;Negatif
ChatGPT sama membantu sekaliiiiiii anjeeeng;Usability;Positif
Bikin landing page gasampe 5mnt dengan bantuan Chat GPT ??;Efficiency;Positif
ah, bener juga make chatGPT buat bikin mock quiz sebagai alat bantu belajar ??;Functionality;Positif
gila si chat gpt bener bener bisa nyelesaiin semua masalah, enak bgt cok! tapi gw jadi bego;Usability;Positif
chat gpt sangat membantu untuk bnrin code selain stack overflow, tp ttp cinta stack overflow;Functionality;Positif
Seru juga chattingan sama chatgpt;Usability;Positif
Chatgpt makin lambat akwkwk;Reliability;Negatif
Kaku banget ah API ChatGPT, pantes lebih murah. Aku stay di Davinci aja pake completion.;Usability;Negatif
"Saya sudah melakukan research bahwa chatgpt diawal bagus tapi diakhir menjadi masalah terus menerus.apalagi saya dan team lagi menciptakan yang berbeda utk  pencegahaan dan aman 

https://t.co/PL88RFCSpI";Reliability;Negatif
ternyata ChatGPT blm bisa dijadiin konsultan pajak ges. bikin stres doang konsul sama ChatGPT soal PPh 21 :(;Functionality;Negatif
"Pernah iseng TO full pake chatgpt

Masih lebih gede TO paling awal gw (kondisi masih super t*l*l)?? ini bot soalan matematika aja masih suka salah, akurasinya rendah, pengolahan data kalo kita ga kasih aturan yang rinci, dia bakal olah data sesuai kemauan dia.";Functionality;Negatif
ChatGPT sangat membantu menyelesaikan error'2 tugas2 kodingan gw ???? makasih byk wkwkwkwk;Functionality;Positif
chat gpt sakti bener, jawab soal + pertanyaan temen pas presentasi jadi kerasa lebih mudah;Functionality;Positif
gila ChatGPT, bisa buat schedule dengan kriteria yang sudah ditentukan ??????;Functionality;Positif
Chatgpt lancarnya jam segini njir ?? giliran gue skripsian malem malah unavailable. Ini emg diharuskan ngerjain subuh ya ??;Reliability;Negatif
chatgpt benar-benar membantu ?? https://t.co/F4FtFP28kr;Usability;Positif
Masa ya nyari paper di chatgpt terus dia ngasih suggestion lengkap sama nama dan di publish di conference apa, pas dicari di google gak nemu sama sekali paper terkait dan asal author nya dari mana. Kepo deh cara chatgpt generate respon gimana;Functionality;Negatif
"Sebuah konspirasi ??
ChatGPT error, sudah beberapa hari tidak bisa di akses, jawaban selalu sama, dan terakhir mendadak menjadi 1 bahasa
Kebetulan kah?";Reliability;Negatif
ayo semua pelan2 belajar baca jurnal. jgn mentang2 ada chatgpt bisa digampangin gt aja, dosen2 gw 60% udh pada tau fenomena openAI jd ngewajibin jwbn pke jurnal. bisa sih minta ke gpt utk cantumin sumber jurnalnya, cmn kdg yg dikasi ga kredibel alias link bodong/sitasi gbs dibuka;Functionality;Negatif
entah kenapa bayak orang yg ngomongin tentang CHAT GPT tapi emang bener guna banget buat nugas;Functionality;Positif
Enak juga curhat ke ChatGPT hahaha;Usability;Positif
Sangat berguna ye chatgpt ni genggg hehhehehehehe;Usability;Positif
"Sejak kapan Tora Bika jadi kue basah? Sejak kapan permen ChaCha jadi permen karet? Hahahahaha, ada-ada saja ChatGPT ini, malah memberikan informasi yang salah. Oh iya, coba kalian ketik kata kunci ini di ChatGPT ""produk makanan ringan yang menghilang di pasaran""";Functionality;Negatif
woeilah nyaman banget curhat di chatgpt sekalian dapet solusinya aaaa luplup bangett ????;Usability;Positif
Chat gpt ni memudahkan kerja betul.;Usability;Positif
"Pake chat GPT utk kerjaan excel lumayan juga keakuratannya, asalkan informasi yg dimasukin sesuai kebutuhan. 
Ga kebayang gimana AI secerdas apa kedepannya dlm ngolah informasi.";Functionality;Positif
trims chatgpt, berkat kamu laprak ku jadi ez;Usability;Positif
"gila ini ChatGPT ngeri juga, interesting bgt bisa jawab apapun secara detail, gua minta ajarin code ini itu dia bisa ngejelasin lengkap, tanya ini-itu dijawab secara logis dan gampang dingerti.

Jadi semakin yakin next di masa depan teknologi bisa ngegantiin profesi apapun.";Functionality;Positif
Random notes yang kadang dari hasil screenshot dpt kita ekstrak textnya pake aplikasi scanner, lalu minta jelasin chatgpt. Misal notesnya berformat nasihat2 dalam bentuk list tanpa deskripsi, chatgpt sanggup generate penjelasan dr random notes hasil gambar tsb, awesome!!!;Functionality;Positif
Gila babi chatgpt. Betul betul membantu buat fyp hshshs;Usability;Positif
nugas tengah malem gini emang enaknya pake chatgpt sih??;Usability;Positif
ChatGPT keren sih, memudahkan banyak kerjaan. Dan bakal menghilangkan fungsi manusia nantinya ??;Usability;Positif
Trims chatgpt, perhitunganku menjadi lebih gampang.;Usability;Positif
CHATGPT BENERAN MEMBANTU BANGET ANJIR BUAT MAHAMIN MATERI;Usability;Positif
"semoga yang bikin aplikasi chat GPT hidup nya bahagia selalu????
aplikasi yg sangat amat membantu bagi kaum2 mager wkwk";Usability;Positif
"chat gpt kepake bgt kalo lagi bingung nulis body email :""))))))))))";Usability;Positif
Ga nyangka, chat GPT membantu gue dan aang untuk membuat keputusan terbesar dalam hidup wkwkw;Usability;Positif
sumpah baru tau dari matkul teori akun soal chat gpt TERNYATA SE-HELPFUL ITU;Usability;Positif
Makasih chat gpt bikin nyontek pilihan ganda lebih mudah?? https://t.co/ulWKJ4cVjH;Usability;Positif
Ternyata ChatGPT bisa mengakses file yang terbuka untuk publik. Barusan saya share sebuah artikel (PDF) lewat Dropbox ke publik. Link ke artikel itu bisa saya kirim ke ChatGPT untuk, misalnya, dibuat ringkasannya. Diskusinya juga menarik dan cukup relevan. https://t.co/TlQna1fFa5;Functionality;Positif
prasaan skrg dev seakan-akan wajib ya minimal buka 1 tab chatgpt di browsernya wkwkwk sumpah ngebantu bgt tu ai satu ??;Usability;Positif
cet gpt bisa bisanya ngelag londok lah;Reliability;Negatif
Kemarin dikasih tau temen chagpt bisa bikin coding. Pas dicoba asli dong bikin coding beneran. Trus mikir gue bikin tesis ngecoding sendiri tanya sana sini, sama chatgpt taunya yaudah gitu aja ahaha menangisss ??;Functionality;Positif
chatgpt ngasi rekomen jurnal yang gabisa dibuka terus anjir ngeselin;Functionality;Negatif
chatGPT ngebantu sih buat bantu nyariin sources tanpa harus ngecekin data dari berbagai sumber. Bikin kisi-kisi USBN jd teringani bgttt;Functionality;Positif
Emang chatgpt usefull bgt buat bantu ngerjain tugas, teknologi AI gak masuk akal kalo di implementasi ke ranah yang lebih luas;Functionality;Positif
Chat gpt meringankan perkerjaan haha;Usability;Positif
Krn buntu mau nulis email, iseng coba suruh AI chat GPT nulis email buat gw. Dan BOOM, hasilnya alus banget ?? klo gini lama2 kerjaan bs keganti AI deh, coy!;Functionality;Positif
Omg seru bgt ini main sm chatgpt wkwkkwwkk;Usability;Positif
kayaknya ga salah ya orang2 pake chatgpt sekarang untuk curhat, jawabannya sangat wise sekali wkwk;Functionality;Positif
10 menit latihan soalku diselamatkan chat GPT;Efficiency;Positif
#chatgpt bener bener ngebantu gw mangkas waktu, ngetik well structured omong kosong buat sesi performance review #sains #teknologi;Efficiency;Positif
chat gpt ini cukup membantu di tengah kebuntuan ngerjain tesis ya..;Functionality;Positif
gara2 chatgpt jd belajar python, pemrograman tanpa herr josh lebih menyenangkan;Usability;Positif
ChatGPT stuck mulu ga sampe beres nih parah. Gue udah bayar per bulan masa dapet tokennya cuma dikit. Kira listrik token apa ya kalo habis suka bunyi mulu.;Reliability;Negatif
Respons chatGPT saat ditanya ttg lagu Bill Wurtz lebih lambat dibanding suruh bikin contoh teks 4 paragraph dengan kutipan dan referensi multi bahasa.;Reliability;Negatif
ini chatgpt kalo ditanya ssm agak plin plan gw bingung sndiri;Reliability;Negatif
ku jatuh hati pada chat gpt ALIAS NI APLIKASI PENOLONG;Usability;Positif
chatgpt ngebantu banget gokil;Usability;Positif
Terbantu banget gila berkat ChatGPT, apa itu Google Search ??????;Usability;Positif
keren bgt ini chat gpt. baru aja enter pertanyaan, dia udah bisa ngoceh.. ngeri2;Usability;Positif
akhirnya bisa cobain Chatgpt bing, sumpah benar-benar keren banget sih cara jawabnya gak kaku, bikin nyaman.;Functionality;Positif
sudah saatnya untuk mengatakan gpt lebih membantu dibanding googling;Usability;Positif
[cm] mengerjakan skripsi pake chatgpt lumayan membantu : correct grammar/parafrase, ngasi ide tulisan wkwkw;Functionality;Positif
chatgpt sangat sangat membantu;Functionality;Positif
Itu chatgpt ku ajak ngobrol kok seru ya??;Usability;Positif
Sumpah sih ini lagi dipake dan diexplore bgt sama tmn developer gue, ngoding dibantuin chatgpt hahahaha ??;Functionality;Positif
chat gpt benar” gila ngebantu banget sy mencari ide untuk nugas;Functionality;Positif
Perdana bikin HPP dibantu chatGPT, enak juga ternyata.;Usability;Positif
"ChatGPT bermanfaat banget????
Thanks openAI??";Usability;Positif
anjir lah, ini nanya2 di chat gpt lebih cepet dapet info dan solusinya drpd cek google wkwk;Efficiency;Positif
Chatgpt sangat mempermudah hidup;Usability;Positif
Semua gampang sekarang pake chat gpt anjir. Barusan ngitung future value gaada 10 detik wkwk;Efficiency;Positif
Chat gpt bikin ragu aih, katanya sebagai problem solving. engga mempan tuh buat anak energi yah, entah kita yang kulot;Functionality;Negatif
sedang mendampingi projek menulis tk. sma tentang rekayasa sosial, dan chatgpt membantu sekali menemukan teori yang berkaitan ?? https://t.co/lvNkDektEy;Functionality;Positif
Capek baca buku, minta summary ChatGPT aja cepet;Efficiency;Positif
[cm] aku nyari referensi dari chatgpt kan dan ada 1 judul yang mau aku mau kaji lebih lanjut. aku dapet linknya dari dia tapi kok gabisa diakses ya? ?? search di google judulnya juga ga ada... tapi kenapa botnya bisa akses hiks;Functionality;Negatif
Gua tuh bersyukur bgt ada chatgpt, kebantu bangettttttt;Usability;Positif
gila chatgpt bener2 mantep banget dah ?? kenapa ini gak ada pas jaman gue skripsian sih jadi ga puyeng parafrase ??;Functionality;Positif
[cm] semenjak ada chatgpt aku ada refrensi terus buat tugas, bergunaa bgt untuk kaum buntu????;Functionality;Positif
"Thanks to @jjjjjjjojas, udah ngajarin saya pake chatgpt.
Sekarang pertanyaan2 random saya terjawab dengan mudah https://t.co/fZ2ZHKHjVd";Functionality;Positif
Chatgpt membantu skli mengerjakan tugas mode sks??????;Functionality;Positif
ChatGPT udah makin susah diakses ada aja gangguannya. Maksa banget harus disuruh yg berbayar ??;Reliability;Negatif
"Abis pake chat GPT untuk bahan refrat. And guess what I find? DOI jurnalnya gk cocok sama judul jurnal yang dikasih wkwkkwk. Its time for us ""human"" to shine again wkwkkwk.

Terlanjur pede banget padahal diawal dah ketemu refrat terbaru eh malah...";Functionality;Negatif
seru bgt dah curhat sama chatgpt;Usability;Positif
w nyoba chat gpt, trus kek gua buka kan referensi yg ai kasih, pas w gugel g ada bjir. untung blm diketik ??;Functionality;Negatif
akhirnya w menemukan kegunaan chatgpt yang sesuai buat kerjaan w. asli mantep bgt w bisa kepikiran gini wkwkwkwkwkwkwkwkwwk;Functionality;Positif
Chat gpt emang terbaik sih buat bikin lamaran b.inggris ?? harus pada nyoba robot pinter ini.;Functionality;Positif
kamu membuat hidupku lebih mudah, indah, dan ringan teruntuk mu terimakasih atas segalanya chatgpt;Usability;Positif
chatGPT ndak tau resep mie karet. gak jago2 amat ternyata;Functionality;Negatif
Sebagai orang yg gak bisa SQL banget (Ya, saya sehari2 pake MongoDB, kl urusan SQL pake ORM), minta tolong bikinin query pake ChatGPT emg menolong banget;Functionality;Positif
Beberapa hari terakhir senang menggunakan ChatGPT untuk membuat bank soal, sedikit membantu dan nantinya bisa divariasikan kembali sesuai kebutuhan pelajaran.;Functionality;Positif
Seminggu terakhir menikmati ngobrol dengan ChatGPT, serasa punya teman diskusi tentang segala hal. Percikan2 ide yang muncul dari jawaban ChatGPT begitu menarik. Dan memang benar yang disarankan orang2, jangan menjadikan ChatGPT sebagai supervisor, tapi lebih ke teman ngobrol.;Functionality;Positif
Capek ngechat manusia, udah dikasih tangan tapi nggak bisa balas chat. Mending chatgpt, nggak punya tangan tapi bisa fast respon kalau balas chat;Efficiency;Positif
emang kurang ajar chatgpt klo ngasih referensi jurnal dll krn dikasihnya jurnal gaib??;Functionality;Negatif
Chatgpt berguna bgt buat diskusi tugas kuliah ??????;Functionality;Positif
Hadeuh isinya Jurnal gaib semua di chatgpt;Functionality;Negatif
"Pake ChatGPT buat minta solusi script ternyata lebih jelek dibanding cari di stackoverflow/dokumentasi.

Ngotak-atik script ChatGPT: &gt;1 jam
Dari blog: 15 menit";Usability;Negatif
"API chatgpt nyebelin banget. Lebih murah sih tapi restricted banget. Pengen AI-nya jawab pertanyaan gak sopan tapi malah sok-sok ngatur mulu nyuruh ganti pertanyaan. Ngatur prompt sedemikian rupa gak ada yang berhasil.

Mau gak mau keluar duit lebih dah biar lebih bebas.";Usability;Negatif
chat gpt ni sangat membantu dalam penulisan tugas akhir ternyata ??;Functionality;Positif
Bikin design workflow simpel pakai chatgpt enak jg ternyata ??;Usability;Positif
Udah pernah coba gini, begitu di klik page 404 alias error. Coba minta provide link yg beda pun hasilnya sama, article/journal not found. ChatGPT nggak superior2 bgt lah.;Functionality;Negatif
Chatgpt gacor bgt asli makasih udah bantu gua buat essai;Functionality;Positif
emang ya, chatgpt too stronk!!! enak banget buat bantu solve codingan wkwk;Functionality;Positif
gw juga belajar python lewat chatgpt.. lumayan berhasil bikin code sederhana buat bantu kerjaan gw.. ini bener² dari ga punya pengetahuan soal python;Functionality;Positif
ChatGPT bener bener bantu pas lagi keburu-buru mau bikin presentasi, tapi materi belum lengkap;Functionality;Positif
Hahaha pgn nyoba pake chatgpt buat nulis tp kok ditolak mulu dr kemarin buat validasi pake nomer hape;Usability;Negatif
kalo pake referensi dari gpt, harus di recheck lagi, sering banget fiktif;Reliability;Negatif
terimakasih chatgpt sudah memudahkan tugasku;Functionality;Positif
I usually do internal monologues to solve my personal problems. Biasanya beres tp karena otakku agak muter2 jadi lama. Tapi pake chatgpt astaga satsetsatset, sungguh cepat menemukan akar masalah dan solusinya.;Efficiency;Positif
"nih kadang"" chatgpt emg gajelas emg paling bener pake bing chat";Reliability;Negatif
Buseeeettt enak bener tanya2 d chatgpt;Usability;Positif
chatgpt ngebantu kerjaan bgt;Functionality;Positif
chatGPT sangat membantu bagi manusia pelupa sintaks seperi saya?? https://t.co/N5keqhhOVw;Functionality;Positif
thanks to chatgpt ringkasan 15 menit kelar;Efficiency;Positif
"Bisa dong! Karena sistem deep learning, ChatGPT bekerja dengan mempelajari pola bahasa manusia dari segala data di internet.

Singkatnya, ChatGPT bisa bantu kamu untuk menjawab pertanyaan sulit, kelarin tugas, sampai buat coding!";Functionality;Positif
ChatGPT masih belum bisa membuat pantun berima ab-ab;Functionality;Negatif
"chat gpt ni bner"" sangat membantu dalam mengerjakan tugas serta mempercepat pertumbuhan kemalasan saya. https://t.co/XlYZqi58pM";Functionality;Positif
kapok sih pake chatgpt bener2 nilai gw yg keluar 53/100 tff??;Functionality;Negatif
Pengen banget chatgpt punya aplikasinya tersendiri, copek banget harus buka dari web google terus, setiap pindah halaman lain, jdi hilang halaman chatgpt nya, padahal suka banget main chatgpt nanya2 hal random ??;Usability;Negatif
Anw aku kemarin bingung cari nama cowok. Thanks ChatGPT aku punya nama tokoh baru sekarang hihi.;Functionality;Positif
Thanks @ChatGPT  udah bantuin tugas kuliah yg cukup rumit;Functionality;Positif
Gila chatgpt mantep banget bikin mindmap konsep biasanya 4 jam gegara lama brainstorming bikin outline, ini bisa cuma 2 jam mana lebih lengkap pula mindmapnya;Efficiency;Positif
ChatGPT membantu menjelaskan kalimat fafifu di buku jadi kalimat yang lebih mudah dimengerti ?? https://t.co/4LWLC7ZCtR;Functionality;Positif
Setelah menggunakan chatgpt untuk keperluaan tugas yg numpuk, jd ngerasa useless otak teh tp gimana ya mempermudah kerjaan heu;Functionality;Positif
"Asem pantesan dari kemarin gak bisa akses chatGPT, kirain emang lagi ada trouble dari servernya ternyata  beneran diblokir ????
https://t.co/SQdWjebNxh";Reliability;Negatif
chatgpt ini udh sampai ditahap buat gua impres banget. Bisa ngerjain persamaan diferensial parsial bentaran doang anjeng;Functionality;Positif
Gilak sih AI chat gpt itu. Sangat mempermudah banget. Jadi temen diskusi dan curhat juga nyambung. Barusan saya suruh buat silabus bisa dia.;Functionality;Positif
"merasa bangga 
belajar laravel dari 0 modal doc, sama chat gpt semalam jadi crud njir kurleb 3+ jam
emang kalo lagi niat belajar bisa sat set :v https://t.co/sh7wu2pTo9";Efficiency;Positif
gw selalu bingung tiap mau bikin kesimpulan tuh kalimat pertamanya mau kaya gmn trs tiba2 muncul chat gpt gw makasih bgt;Functionality;Positif
"Ternyata cukup tinggi akurasi menggunakan ""Bahasa Indonesia"" di GPT-4?? https://t.co/fPhgfTdVSp";Functionality;Positif
"Gua baru tahu ChatGPT bisa bikin sitasi palsu pas ngerjain PR

waktu itu gua nulis minta referensi untuk belajar

pas coba searching refrensi yang disebut, malah ga nemu2";Functionality;Negatif
"bikin present proposal project mobil listrik dibantu dengan chatGPT.

anjir enak bgt cepet bgt lagi hahahaha https://t.co/WWPlzChuvb";Efficiency;Positif
respon ChatGPT makin kesini makin baik aja deh. dulu masih kerasa kaku terus sekarang udah 'kayak manusia' responnya;Reliability;Positif
"Ajg gw bukin game pong dulu semingguan ini bentar doang wkwwkkw
Gila gpt-4";Efficiency;Positif
Ini yg bikin chatgpt gila sih, ngebantu bgt apalagi buat terjemahin ebook luar yg make bahasa Inggris akademik yg ribet, lebih op dari semua translator;Functionality;Positif
chatgpt over capacity disaat yang tidak tepat ??;Reliability;Negatif
chat gpt makin kesini makin sotoy;Reliability;Negatif
"manusia butuh waktu lebih dari sehari untuk membuat game sederhana, tapi dengan Chat GPT-4 cuma butuh waktu 20 menit untuk membuatnya

perkembangan ai semakin menarik dan sangat cepat";Efficiency;Positif
Tadi ngedraft surat... Trus minta advise ke chatgpt.. Lah hasilnya bagus banget susunan kata2nya. Dan ini surat bahasa Indonesia ??;Functionality;Positif
gak sengaja log out chatgpt skrg gak bisa masuk karena lagi rame bruh;Reliability;Negatif
Karena super cepat,  harusnya ChatGPT ubah nama jadi ChatGPL (Ga Pake Lama).;Efficiency;Positif
Ini setalah mencoba chatGPT emang luar biasa ngebantu waktu diskusi dr.K dari mulai bikin pertanyaan, ringkasan, sampe jawaban bisa semua ????;Functionality;Positif
chatgpt udah ga bisa dipake, untung tugas udah kelar kemaren;Reliability;Negatif
Gue baru nyobain ChatGPT terus nanya tentang bagaimana caranya biar produktivitas Indonesia bisa maju dengan berbagai masalahnya. Dan akhirnya gue amaze karena bahkan mereka bisa lebih pinter dan solutif daripada sebagian [Redacted] https://t.co/03kceKsKS8;Functionality;Positif
"Wah ini debatable kayaknya ??

Pengalaman pake chat GPT beberapa bulan ini bikin kerjaan jauh lebih gampang

Tapi setelah semua semudah dan segampang itu pun ternyata rasa males tetep masih ada ??

kayaknya mau gimanapun teknologinya rasa males or ga suka kerja bakal ada terus ??";Functionality;Positif
"Gue tau sih ini ChatGPT mayan keren. Tapi abis nyoba2 conversation kontekstual dan jawabannya semua on point &amp; bisa ngerefer konteks jawaban2 sebelumnya. Keren...... https://t.co/UMCuvWTUXg";Functionality;Positif
Gila emang ini ChatGPT sampe copywriting plus bikin marketing strategi aja lengkap bgt gak boong guys??????;Functionality;Positif
ChatGPT ga pinter² amat. Ketika gw tanya kenapa emyu bisa kalah 7-0 dari verpul, ga bisa jawab.;Functionality;Negatif
chatgpt membantu skripsiku ??;Functionality;Positif
Baru nyoba chatgpt semalem untuk bikin analisis dan laporan. Trs kayak wow hidupku jadi mudah sekali??????;Functionality;Positif
Emg udah gila chatGPT, tapi ngebantu banget buat desainer yg idenya udah mentok??;Functionality;Positif
Chat gpt sekarang kerasa lemot dibanding dulu, ya krn yg gratisan si;Reliability;Negatif
Salah satu yang keren dari chatgpt, bisa minta bikin keterangan terkait job description;Functionality;Positif
[cm] skripsi bisa selesai hanya 4 hari, ajaib sekali chat gpt ini WKWKWK https://t.co/boIRWPBlIg;Functionality;Positif
"Kemaren nyoba nulis dengan bantuan AI chatgpt. Targetnya bikin teks yg enak dibaca orang dan mudah dipahami. Alurnya aku nulis teks &gt; minta nilai &amp; perbaiki &gt; review org ke3. Hasilnya masih kurang pas buat target yg diinginkan. Dri penilaian org ke3 masih banyak yg nggak nyambung";Functionality;Negatif
Baru tadi banget nyobain ChatGPT yg versi tulisan sederhana aja dah amaze bgt (mempermudah kerjaan sbg copywriter), apalagi kyk gini. Tp agak riskan ngga sii sampai merah gitu;Functionality;Positif
sumpah ini chatGPT powerfull bgt buat desk research;Functionality;Positif
jadi ga bisa 100% percaya ama chatgpt karena pernah kasih jawaban salah wkwkwk;Reliability;Negatif
Tadi nyoba chatGPT buat simulasi wawancara, bagus juga yaaa ternyataa.. selain bisa tau pertanyaan yg kira2 bakal ditanyain recruiter kita bisa ngolah kata2 juga disitu;Functionality;Positif
Sumpah Chat GPT sedewa itu?? Gua suruh itung korelasi stat bisa dong ??;Functionality;Positif
"gw ngolah data csv pake chatgpt
gw nulis meeting invitation jg pake chatgpt
gw masak pake chatgpt juga, kasih tau punya bahan apa aja di kulkas.. dia kasih resep nya lengkap..

sungkem ama elon musk";Functionality;Positif
"CHATGPT GILAAAAAAAAAAAAAAAAAAAAAAAAAAAAAAAAAAAAAAAAAAAAAAAAAAAAAAAAAAAAAAAAAAAAAAAAAAAAAAAAAAAAAAAAAAAAAAAAAAAAAAA 
masalah kodingan langsung beres lho :')))))";Functionality;Positif
Sakti bener ini ChatGPT , apa yang gw mau in meskipun enggres belepotan ternyata bener hasilnya sesuai dengan apa yang gw inginkan https://t.co/Kv2WP8E3zh;Functionality;Positif
Alig seru banget bikin2 ide hero baru lewat ChatGPT;Functionality;Positif
Makin hari, makin seneng ngoding sembari pake chatgpt, ngebantu banget jir. Pengen berlangganan jadinya.;Functionality;Positif
Paling gasuka, lagi chatting sama chatgpt malah error ????;Reliability;Negatif
Anjing, ngoding semenjak ada chatGPT jadi gampang banget ????;Functionality;Positif
Curhat di chatgpt seru juga wkwkwk;Functionality;Positif
Lagi ngerjain rancangan asesmen terkait perkembangan motorik, lalu iseng nanya teorinya ke chatGPT. Dijawab dengan detail banget dong nih dan sesuai sama teori yang akan aku pake. ???????????? https://t.co/VXLKOWY9Qv;Functionality;Positif
Gue make ChatGPT utk kerjaan gue dan well emg dia udh kek asisten pribadi gue ??;Functionality;Positif
GPT-4, tadinya dikasih limit 100 chat per 4 jam. Turun jadi 50 chat setiap 4 jam. Sekarang 25 chat dalam 3 jam doang. Hadeeeh.. ??;Reliability;Negatif
"Chatingan sama chatGPT minta petunjuk bikin parafrasa 
Cuman kadang ngacoo ??";Reliability;Negatif
"buset gpt-4 semakin kesini semakin kapitalis, dari yang 100 messages per 4 hours sekarang cuma 25 messages per 3 hours. katanya sih grgr ""demand""";Reliability;Negatif
ChatGPT sangat membantu wei wkwkwk ??;Functionality;Positif
makazi chatgpt, buat caption akun sebelah jadi ga kudu tanya2 orang laen lagi :);Functionality;Positif
Ttp aja gw nyoba2 ngerjain TK matkul A dgn nanya2 ke chatgpt, ttp aja algo nya salah ????;Functionality;Negatif
ChatGPT bener2 assist di saat bikin copy yg industrinya kurang familiar di aku, kayak brand streetwear yg akarnya hip hop / graffiti. Bisa diajak brainstorming juga lg ?? kalo ngulik google sendiri bisa2 abis 2 jam cuma buat ngumpulin referensi doang;Functionality;Positif
chatgpt seru bgt dah buat diajak bikin fake skenario ???? ketagihannnnn;Functionality;Positif
pantes aja @aiaiaiaianakibu suka promosi chatgpt terus krn memang sangat membantu ??;Functionality;Positif
"ini Chat GPT beneran membantu kali Cok

belajar jadi lebih efektif dan efisien";Functionality;Positif
I still believe it that no matter how advance technology, Google Translate and Chat GPT are still awkward. Kemaren ngetes Chat GPT soal Gigi, mereka keliatan kayak copas Wikipedia. Mana yang pertama banyak salah pula.;Reliability;Negatif
kemaren nyobak ChatGPT buat bikin alur kerja, jadwal pengerjaan, status order, surat perjanjian, surat penawaran dan copywriting website untuk kebutuhan bisnis perkayuanku wkwk dan hasilnya cukup memuaskan bagiku ??????;Functionality;Positif
Udah bbrp kali coba mintol Chat GPT untuk review jurnal dan kadang hasilnya masih ngawur kayak gue coba baca jurnalnya, dmn dia open access, stlh bandingin sm jwb AI, ternyata statement2 di reviewnya msh ada yg salah jd kyk konten di jurnalnya kecampur2 gt;Reliability;Negatif
"Tapi coba deh minta source jawabannya atau referencenya, pasti chatgpt ksh link ngawur ??
Soale ku kemarin iseng nanya2 soal anumerta krn pembahasannya msh jarang bgt. Jd mau meyakinkan diri dgn minta referencenya, eh diksh link yg dah mati alias 404 not found ????";Functionality;Negatif
thanks chatgpt, gw ga perlu menyelam stackoverflow lg waktu ada error;Functionality;Positif
Maaf deh gue jawab form pake ChatGPT jadi gak menarik gitu jawabannya;Functionality;Negatif
Malahan kerjaan w terbantu gara gara chat gpt ini;Functionality;Positif
Chatgpt sangat membantu untuk mengerjakan tugas ??;Functionality;Positif
kenapa chat gpt gaada dari jaman aku sd sihh wkwkkw kan gampang kalo mau ngerjain tugas jadinya?????;Functionality;Positif
Tugas membuat artikel makalah dapat diselesaikan dengan mudah menggunakan ChatGPT, big thank you @OpenAI;Functionality;Positif
ketemu juga loophole dari Chat gpt. Dia tuh gak bisa ngasih link artikel yang jelas tentang topik spesifik;Functionality;Negatif
chat gpt keren banget si, aku suruh benerin kodingan bisa ??;Functionality;Positif
Wkwk anjir gue coba curhat ke chat gpt dan hasilnya lebih nyaman dong drpd ke psikolog halodoc wkwkwkkwkwkw;Functionality;Positif
mood lagi parah-parahnya. tp seneng maenin chatgpt. seru ??;Usability;Positif
ngoding sama chatgpt asik banget, ya allah maapin bgt w jadi ga mikir dan searching sono sini T_T;Functionality;Positif
sejak ada chatgpt, smua pertanyaan2 random di utekq akhirnya ada yg jawab ??;Functionality;Positif
ChatGPT sangat membantu ??????;Functionality;Positif
Sekarang, chatGPT ini udah jadi penunjang banget buat kerjaan. Sungkem dulu ama yang bikin :);Functionality;Positif
"chatgpt tuh sekarang suka gak bisa mulu dah kalo yg free :""";Reliability;Negatif
"Chat GPT ketika gue minta sumber rujukan makalah ilmiah, malah kasih referensi yang benar-benar gak bisa ditrack sumbernya. Judulnya gak pernah ada di Google Scholar, dan nama penelitinya beda ranah kajian.

Ini cuma gue doang, atau yang nyoba-nyoba chat GPT juga gitu?";Functionality;Negatif
ChatGPT lemot bgt kacau tesis gue nihhh rrghhhh ??????;Efficiency;Negatif
Sudah langganan ChatGPT Plus  pas lagi perlu-perlunya malah down ??;Reliability;Negatif
Chatgpt plus my ass lah, udah subscribe katanya bisa dipake kapan aja bahkan saat high demand. Eh ini drtd udah sejam gabisaaaa. Kesel.;Reliability;Negatif
ChatGPT down pas gue lg butuh anjrit.;Reliability;Negatif
Chat gpt error lgi suu, mana lgi diperluin bgt;Reliability;Negatif
meh garap tugas, chatGPT ne malah down sattttt!!!!;Reliability;Negatif
"soal 'hard' praktikum dasprog bisa diselesaikan bermodalkan chatgpt hanya dalam beberapa menit.

code efisien dan otak santuy &amp; minim mikir";Functionality;Positif
Merasakan fungsi chatGPT dan waaaaaaaww kerjaan kelar;Functionality;Positif
"Iseng iseng nyoba chatGPT, Lega juga bisa ngobrol panjang lebar sama chatGPT bisa nanya &amp; ngungkapin apa yang selama ini gw gabisa omongin ke orang orang";Functionality;Positif
"kacau baru bener2 sadar chatgpt membantu parah

ga cuma dikasih definisi tapi bener2 dijelasin konteksnya https://t.co/3toFnfKQXw";Functionality;Positif
Alhamdulillah tidak kecanduan chatgpt. Walau dia down, saya tetap bisa beresin kerjaan… sambil nangis karena chatgpt down.;Reliability;Negatif
Chat GPT is really helpful... Beberapa hari ini coba pakai buat di pekerjaan, tapi ya nggak plek ketiplek copas banget sih. Secanggih canggihnya teknologi tetep aja konten mah manusianya yang mengendalikan.;Functionality;Positif
asli terbantu bgt sama chat gpt?????????????????????? BIG THANKS buat developer sini aku jajanin bakso semangkok;Functionality;Positif
minta tulisan kuratorial pendek pake chatgpt ?????? not bad hasilnya ngiahahahahahaa;Functionality;Positif
"tidaaaaa...kemaren bikin post linkedin kebantu banget pake chatGPT. 5 menit aja udh jadi dan flow kalimatnya enak.
emang dasar ni, ga bisa liat orang seneng dikit.";Functionality;Positif
gua ngerangkum ini setengah hari sambil baca2, chat gpt ngerangkum cuma dalam 1 menit. mana bener semua anj https://t.co/t57gi45ilz;Functionality;Positif
hadeh chatgpt ngedown wkwkwkwk;Functionality;Negatif
Kupikir dengan spent $20 buat layanan plus dari chatgpt itu bakal worth it buat di segala kondisi. Ternyata pas hectic kek gini ikutan gabisa keakses juga. Saatnya balik ke stack overflow ?? malu banget, dateng pas ada butuhnya doang, mana dijadiin pilihan kedua lagi wkwkwk;Reliability;Negatif
anyingggg chat gpt kok erorrrrrrrrrrrr;Functionality;Negatif
COK ini knp chatgpt lg gabisa;Functionality;Negatif
Chat gpt gabisa dibuka anying;Functionality;Negatif
"Orang-orang pakai ChatGPT seakan menjadikannya sumber informasi yang valid tanpa melakukan cross check. Padahal ChatGPT suka ""mengarang"", bias ke dataset, dan tidak pernah klaim kebenaran.";Functionality;Negatif
chatGPT lagi kenapa deh dr kmrin kok lemot bgtt :(;Reliability;Negatif
Chat gpt sesat ngasi jurnal imaginer anj;Functionality;Negatif
Selalu kesulitan merangkai kata2 buat Cover Letter beruntung banget ada ChatGPT yg bantu nulisin ????????;Functionality;Positif
"Dulu cape validasi regex formula yg kriterianya ribet, skrg tinggal copas ke chatGPT lgsg dapat formulanya lol
Bahagia bgt bisa maksimalin chatGPT utk keperluan kerja :3
Cons nya jd malas mikir sih tapi lol";Functionality;Positif
seru bgt lg ngobrol sm chatgpt ga kerasa udh 30 menit;Functionality;Positif
"ChatGPT setelah error history chat nya ilang semua :""""""""""""""""";Reliability;Negatif
semenjak ada chatGPT tugas w kelar hanya dalam hitungan menit. bingung mau bersyukur apa resah karena otak w makin kesini makin ga ada kerjaan ?????;Functionality;Positif
Sekarang kerja tugas lebih enak pake chat gpt, nyari coding dan minta di buatkan kesimpulan ??;Functionality;Positif
makasih chat gpt, jadi bisa bales2 email yang nawarin segala product in english..;Functionality;Positif
Wah parah sih chatgpt kalo ngasih referensi ngga ada semua pas dicari;Functionality;Negatif
Mantep bgt emng ChatGpt, giliran gw lagi need bgt malah lelet;Reliability;Negatif
"best banget anjir ngomongin au sama chatgpt ??
ngakak bgt. cobain deh ??";Functionality;Positif
"Jadi, uhuk. Gua iseng2 nyoba ChatGPT krn iseng aja gitu. Dan gua agak amazed sama hasilnya ??????
Apakah dunia kita akan dikuasai AI???
Responnya fast bgt n lengkap plek, isinya kayak tour guide keliling bali. 
Yg gua ga nyangka, AU JUGA BISA https://t.co/yZsScO4E8c";Functionality;Positif
"gila keren bgt chatgpt,  bisa dibantuin klo aku bingung mau bales apa chat org???? lopyu banyak"" penolong tugasku";Functionality;Positif
KENAPA CHATGPT TIDAK BISA MENYIMPAN PERCAKAPAN YANG SUDAH DIBUAT ARRGHHHHHHH;Functionality;Negatif
"Main2 chatgpt seru juga ternyata..
Jawabannya to the point bgt";Functionality;Positif
Ngeselin banget ChatGPT hobi bikin referensi paper penelitian fiktif, pas dicek ke google papernya gaada ??;Functionality;Negatif
bgst juga chat gpt ??. ngasih saran ngambil dari dependencies tapi gak disuruh install dulu;Functionality;Negatif
chat gpt is the future of everything huwaa???? capek mikir capek nyari buat karya ilmiah ni malah JRENGG langsung dikasi disuapin malah ??;Usability;Positif
yang bikin chat gpt semoga masuk surga?? memudahkan tugas metlitkuuuu;Functionality;Positif
ngelab lebih mudah sejak ada chatgpt ??;Functionality;Positif
Capek ngobrol pake bahasa Sunda sama chatGPT. Ga nyambung wkwkwkwk;Functionality;Negatif
Chatgpt kenapa lemot ya ?? apakah dia juga cape. Hang in there.;Reliability;Negatif
Yak chat GPT akhir akhir ini sangat membantu tugas dan laporanku ahaha;Functionality;Positif
Main WORDLE atau KATLA tapi menggunakan bantuan chatGPT. Ya menang terus. Hahaha...;Functionality;Positif
"Enak juga konsultasi sama ChatGPT buat nyusun career path gw untuk 5 tahun ke depan, jelas dan terperinci.

Kl konsul ke bonyok, ""lakuin aja yg bikin kamu happy sama menghasilkan uang buat kamu hidup"" ??";Functionality;Positif
Keknya chatgpt lg mabok, error terus daritadi ??;Reliability;Negatif
ChatGPT mempermudah hidup. Baru saja menulis surat kritikan terhadap admin Facebook suatu grup gaming. Kalau nulis sendiri sih males banget.;Functionality;Positif
i love using chatgpt untuk membantu parafrase????;Functionality;Positif
Barusan menggunakan ChatGPT untuk mencari referensi yang lenyap entah kemana. Cukup berguna!;Functionality;Positif
Curhat ke chatgpt lebih enak daripada curhat ke temen, mana langsung dikasih solusi dan tentunya rahasia aman terjamin wkwk;Functionality;Positif
translate paragraf dari bahasa indo ke bahasa inggris mending pake chat gpt daripada google translate. bahasanya lebih fleksibel;Functionality;Positif
Terima kasih chatgpt sudah membantu saya mengerjakan tugas??;Functionality;Positif
chatgpt penolong disaat membuat proposal;Functionality;Positif
ChatGPT berguna juga akhirnya buat kerjaan kalo kepepet;Functionality;Positif
Sudah zamannya ngonten pakai Chat GPT dan Canva. Ngonten semakin simpel dan gak ribet. Bisa bulanan bahkan tahunan. Dan jelas bisa untuk ternak akun Tiktok ??;Functionality;Positif
"Chat GPT gk masuk akal. Hari ini baru nyobain karena disuruh Abi untuk kebutuhan personal. Aku tau hasilnya bakal bagus tapi ini bagus banget! Aku lanjutin pake ""alih terjemahkan ke dalam Bahasa Turki"" pun Bahasa Turkinya jelas lebih bagus daripada gtranslate.";Functionality;Positif
Menggunakan chatgpt, https://t.co/5TRevuSzhb  dan https://t.co/7rubCEtfca untuk membuat contoh persona untuk UX design.  Membantu sekali bagi saya yang bukan orang UX. https://t.co/opDd7zcqIy;Functionality;Positif
nyoba ngerjain 1 soal pake chatGPT. dari 4 kali percobaan, beda semua hasil akhirnya dengan rumus yang sama ??;Reliability;Negatif
Lately kebantu banget sama fak*GPS buat aku yg suka telat² dan chat gpt buat aku yg suka males nugas ?? thanks ai;Functionality;Positif
"Enaknya literature review dibantu ChatGPT ??

Saving time banget https://t.co/chtt94kE5A";Functionality;Positif
"Chat GPT masih sering salah dalam mengerjakan simple logarithmic Problem 

its something
?????????? https://t.co/qE5BlzRMMb";Reliability;Negatif
literally bikin tugas cuma 5 menit pake chat gpt..;Functionality;Positif
kebantu chat gpt edisi sekian ratus ?? bisa banget ngebantu jelasin konsep sama optimisasi kode ?? baru megang sekali nodejs dan rencana dipake di production. tanpa forum dan chatgpt bakal memakan waktu yang lebih lama bikinnya ?? https://t.co/IdYzhVJEA8;Reliability;Positif
ChatGPT mempermudah buat bikin timesheet kantor hahahha;Functionality;Positif
alhamdulilah chatGPT lagi ngebut;Reliability;Positif
THANK GOD FOR CHATGPT yaoloh saya bisa menyelesaikan banyak tugas dalam waktu yang sangat singkat dengan akurasi yang tepatttttttt;Functionality;Positif
anjingg gara2 chatgpt seminar gue bisa dikerjain lebih cepet coyy;Functionality;Positif
ChatGPT terlalu OP cuk buat saya penganut HTML CSS;Functionality;Positif
Wkwk gua jga kadang make ChatGPT buat minta saran + curhat. Asik juga curhat sama AI ??;Functionality;Positif
ChatGPT banyak gila membantu dlm drafting corporate agreement. Mantap betul.;Functionality;Positif
Konsultasi ke chatgpt sepertinya lebih praktis dan lengkap jawabannya dibanding takon koncomu sing menungso iku;Functionality;Positif
gua masih seamaze itu sama chatgpt dah, kyk hah??? gua cari di mana2 ga nemu dia bisa aja gt nemunya;Functionality;Positif
Sumpah chatgpt membantu sekali buat gua yg tipe org belibet. Jadi kalo mau search sesuatu tuh sulit ngolah katanya, belum lagi cek satu2 kalo di google.;Functionality;Positif
faaakkk sudah tidak mood uts, nyari referensi sulit, referensi chat gpt bodong semua. anygg heellp;Functionality;Negatif
SETUJUUU, chatgpt tu bisa jadi konsultan, mentor, temen curhat, guru bahkan decision maker wkwkwkwk pokoknya big lof lah buat founder nya. mana kita dikasi teknologi kaya gini secara gratis pula??;Functionality;Positif
Bikin laporan strategy deck tp dibantu chat GPT itu GILAK CEPET! ??;Functionality;Positif
chat gpt ngebantu banget jir buat tugas beginian https://t.co/ZqgTWadpp1;Functionality;Positif
"kesimpulan nyobain ChatGPT buat bantuin mikirin research:
resources yg dia kasih banyak yg ngawur maksimal. selain gaada di googlescholar, ini tuh dia juga semacem ngide bikin judul sendiri, atau judul aslinya dimodifikasi. 

dah deh bye, paling bener mikir sendiri mon maap ????";Functionality;Negatif
chat gpt skrg lemot bgt dah;Reliability;Negatif
Ya itu sangat benar bahkan ketika saya mencari referensi/tutorial tertentu yang sebenarnya tidak pernah chat gpt memberikan jawaban yang sebenarnya tidak ada kaitannya. Bisa dibilang chat gpt memiliki banyak kekurangan untuk digunakan sebagai bahan belajar.;Functionality;Negatif
"ternyata chatGPT ga bisa juga jawab sebenernya ayat terakhir yang diwahyukan kepada nabi Muhammad adalah ayat yang mana..

Padahal ini adalah pesan penting terakhir dari Tuhan untuk manusia lewat nabiNya";Functionality;Negatif
Nyari insight gak perlu lagi ngikut workshop/ nyari suhu buat diskusi/ ngikut kelas, tinggal tanya ke chatgpt. Buat yang horeaman tapi pengen kaya, ini ngebantu banget. ?? https://t.co/2XSldVenfu;Usability;Positif
Barusan ada wawancara dari detik but  thank god for chatgpt aku sanggup menjawab hahaha;Functionality;Positif
Bagus jg kalau ada bantuan gpt gini jadi bisa diskusi sama bot..;Functionality;Positif
Aku pake chat gpt buat translate, translate-an nya chatgpr lebih bagus dari google;Functionality;Positif
Masih bisa dipakai kok google, chatgpt lebih rumit dari pada google;Usability;Negatif
ChatGPT aja gabisa bantu kegelisahan gw????;Functionality;Negatif
mantap chatgpt bisa dipake nyari hukum pendukung https://t.co/woZBGnwFal;Functionality;Positif
ChatGPT ternyata jago bikin AU;Functionality;Positif
Pertama kali pakai chatgpt dan buat kerja. Gila mantap pol ??????????????;Functionality;Positif
ChatGPT tidak bisa memberikan rekomendasi referensi akademik. Sy coba 5 kali. Kelimanya artikel bohongan. Serius. Sy sendiri yang nyoba;Functionality;Negatif
tp chat gpt emang bagus sih wkwkaka jawabannya lebih jelas aja kalo misalnya nanya;Functionality;Positif
"Mau nge-share hasil ngobrol tentang ""Relationship ends amicably"" sama AI ChatGPT
Nge-share ini sebagai arsip pribadi buat dibaca-baca diri sendiri dan mungkin orang lain mau baca juga, karena menurutku jawabannya menarik

Maybe a thread.";Functionality;Positif
Kejadian kemarin pas pakai ChatGPT buat bantu kodingan. Blunder pol jawabannya ?? Akhirnya perlu ngulik2 di Google juga.;Functionality;Negatif
Chatgpt bagus jga disuruh bkin puisi;Functionality;Positif
"pengen sungkem ama yang nyiptain chatGPT 
asli parah
sangat membantu buat modifikasi kode saya :)";Functionality;Positif
Iseng minta ke ChatGPT buat bikin code aplikasi transit semacam Tr4fi. Dibikinin dong walaupun masih sederhana banget ?? Gue emang berencana bikin ini tapi belum tau kapan bakal gue seriusin. https://t.co/FddxJaahJu;Functionality;Positif
CHATGPT BUAT RP ANJRIT emng bermangpaat sekali ini ai https://t.co/J5wkyNHNl8;Functionality;Positif
Bangke chatgpt down, bru mo parafrase wkwkwk;Reliability;Negatif
@convomf chatgpt cocokan dijadiin referensi belajar supaya lebih ngerti bahasanya si;Usability;Positif
@convomf perlu lah, chatgpt kadang jawabannya ngawur bgt;Functionality;Negatif
@2020_itb Btw aku lbh sering pake chat gpt  karna bisa ngasih referensi lebih lanjut ttg apa yang dia jelasin, bahkan sampai link jurnal nya juga.. Hehe;Usability;Positif
Kecewa dengan chatgpt ??? https://t.co/JcLQ1PaGVv;Usability;Negatif
"keknya emang paling bener kalo curhatnya ke chatgpt.. 
makasih untuk kalimat-kalimat positifnya, mas gpt :) https://t.co/VN0oeVrOHe";Functionality;Positif
asli gue udah tektokan sama chat gpt plus dr jam 5 sore, sampe sekarang, brainstormed sendiri dari ngebuat pitch decknya valhalla, sgi projection business, myc roadmap for agency, bbrp subs business unit nya 88 corp, chat gpt kenapa ga dr gue sma sih adanya;Functionality;Positif
Kalo lu ngerti 'how to use the technology wisely and smartlh' asli itu ngebantu banget n mempercepat kerjaan apapun itu, tapi otak harus diisi juga jangan kosong, percayalah chat gpt bs jawab 90% dari pertanyaan'nya lu;Efficiency;Positif
chatgpt lama2 tolol ah, ga sepinter pas awal rilis;Reliability;Negatif
"pls wkwk jgn coba coba bikin skripsi ngandelin chatgpt.
aku udh buktiin kl chatgpt itu banyak halunya wkwkw. resource yg dia kasih itu ga reliable, kalo pun dia kasih DOI number pas dicek satu per satu tuh ga semua ada dgn judul sama, kaya entah darimana dia bisa mikir kaya gitu. https://t.co/4GTohxDMgF";Functionality;Negatif
ChatGPT ngebantu banget asli dah. Semua pertanyaan 'aneh' yang muncul di kepala saya tentang programming bisa dijawab. Gokilll;Usability;Positif
semua essay selesai dengan chat gpt [krenn];Usability;Positif
@aria_ghora Chat gpt ini enak klo buat nyari reference jurnal, tp tetep aja klo mau mengutip jurnalnya harus nyari pdfnya di scholar wkwkwk;Functionality;Positif
@aria_ghora Sempet coba2 chatgpt/bingai waktu pusing cari referensi untuk tesis, tapi ujung2nya balik lg ke google krn di chatgpt & bing banyak ngawurnya dan gabisa dipastikan kl data yg muncul itu valid jd yaa untuk verifikasi datanya bener harus balik ke google dan malah jd kerja 2x;Functionality;Negatif
@convomf W tau chatgpt dari bokap, waktu lg sibuk bgt ngerjain proposal skripsi dsruh pake buat nyari referensi. Bbrp kali coba emg praktiss bgt si bersaing lah sm google, tp krna emg g biasa kali yaa ttp aja ke google lagii;Usability;Positif
Bikin dokumentasi code.. kadang kan males ya bikin comment. Tinggal copas ke chat gpt. Hasilnya bakal dibuatkan dokumentasi per step https://t.co/T8CDgDdVC2;Usability;Positif
W Chat gpt minta referensi jurnal zonk semua alias jurnalnya fiktif anjir wkwk https://t.co/8ZmQfaTfj0;Functionality;Negatif
"Cen chatgpt nyok wagu kok jawabane wkwk mungkin dia blm ada database nya ya soal itu

Aku pernah nanya, hewan apa yg sering dijadikan bahan skincare. I expect to get snail, bee pollen, etc as answers tp chatgpt malah blg kucing??? mana ada skincare dari kucing ??? https://t.co/VeE6DxatmW";Functionality;Negatif
@DraftUINJKT Dicek lagi ya nder, kadang chat gpt ngaco jawabannya;Reliability;Negatif
shock bgt nyari penelitian sebelumnya tentang topik yang aku pake lewat chatGPT langsung muncul dong mana udah dirangkum?;Functionality;Positif
Nikmat buat tugas pake chat gpt :);Usability;Positif
bisa juga Chat GPT diminta untuk menjelaskan sesuau yang belum kita pahami https://t.co/64bbgoKPp8;Usability;Positif
@collegemenfess Bisa lah, apalagi sekarang udah ada ChatGPT, udah makin mudah.;Usability;Positif
Yah, Chat GPT udah ga bisa sepanjang dan sebanyak dulu pas awal-awal release, sering banget error.;Reliability;Negatif
@PIETERSZOONGOON @graphicalhazard Masalahnya chatgpt bisa salah sih. Especially soal angka-angka dia sering rancu.;Reliability;Negatif
Ngerjain tugas pake ChatGPT enak bgt wei wkwkw;Functionality;Positif
menjajal pake chatgpt buat nyari definisi sungguh nggawur bikin ketawa ??;Reliability;Negatif
Chat GPT ini sangat membantu lho.. ?????? canggih bats;Usability;Positif
GW CINTA BANGET SAMA CHAT GPT. membantu gw jawab pertanyaan pas presentasi ??;Functionality;Positif
Iseng iseng buka chat gpt, terus minta dia pilihin teori buat skripsi ue. Eh si anjir ternyata ngebantu banget;Usability;Positif
@rclnatasyaa Tenang ada yg namanya Open AI chatGPT hahaha tinggal tanya aja kelar skripsi ??;Usability;Positif
ASLI NGAKAK ANJG WKWKWKWK, canggih banget bgst teknologi jaman sekarang. Nyobain chatgpt seru banget anying https://t.co/3qNYXZLVTM;Usability;Positif
Who need chatGPT when you have a sister like mine? Dia paling googling juga sih kalo ga tau, tp yah lebih reliable dan terfilter lah hasilnya. Trus jawabannya juga udah disesuaikan dengan kapasitas otak gue ?;Reliability;Negatif
"Makin ke sini, makin sering kita liat gimana canggihnya Artificial Intelligence. Yang belakangan makin keliatan keren, ya, ChatGPT. Udah ada versi 4.0-nya malahan.

#FomoStory https://t.co/Vb8IqrAVwJ";Functionality;Positif
terima kasih chatGPT membantu kehidupanku sehari-hari https://t.co/xegtrvBRA2;Usability;Positif
Kata-kata yang dilontarkan si ChatGPT begitu sederhana. tapi menyentuh hatiku banget. Entah aku lagi sensitif karena pms apa gimana. Cuma.... ??? https://t.co/zHx5z1HMO0;Usability;Positif
@newsplatter @WatchmenID Btw aku udah sampe level curhat sama chatgpt, tp responnya masih keliatan robotic sih apalagi kalo b indo;Usability;Negatif
Mencoba mengajukan pertanyaan/prompt yang sama ke bing dan ke chatgpt. Jawaban dari chatgpt lebih memuaskan.;Usability;Positif
as a law stud, berapa kali nemu jawaban 'ngaco' dari chatgpt https://t.co/fzy9l5FAJr;Reliability;Negatif
chatGPT bantu banget buat belajar IELTS;Usability;Positif
Bener sih ini. Chatgpt suka ngasih referensi ngasal. Pas dicari di google scholar atau ngeklik doi-nya ga ketemu papernya https://t.co/12kOVg897h;Reliability;Negatif
wow chatGPT mantep bgt ternyata https://t.co/rRE6aphTCd;Usability;Positif
chat gpt belum sahur hari ini kyknya, jwbnnya gajelas terus, kan nilai fisika gw jd menyedihkan;Reliability;Negatif
RT @isenggantinama: @convomf Nggak. ChatGPT sekarang baru sebatas suplemen aja dan ngga reliable untuk dipake nyari informasi (karena datas…;Reliability;Negatif
@AsakuraSuccubus @Frederett_ jawaban ny valid krn pake chatGPT;Usability;Positif
Walaupun gak ada teman di rumah,aku akan selalu punya chatgpt yg membantu semuanya ?bahkan milih pil 2 utbk juga aku nanya dia?????;Usability;Positif
@Uncle_Zal Di-crosscheck lagi oi, gua berkali2 pake chatgpt ngaco mulu njir;Reliability;Negatif
@worksfess 10 artikel per hari gak pakai copas, buatin pake ChatGPT aja nder, beres;Usability;Positif
@convomf ChatGPT sering skizo referensinya ga jelas. Produk analisis datanya juga seringkali ga bener.;Reliability;Negatif
ChatGPT ini merangkum dengan cukup bagus;Functionality;Positif
"@eemyangi Sangat ? u know itu aku tanya that sm which yg sempet bikin kita bingung itu krn aku blum mantep sm penjelasan dr artikel yg kita rujuk kmren, msh g mudeng. Coba tanya ChatGPT baru paham.
Besok kita coba yaa pas ngerjain TOEFL lagi kalo ada yg bingung masukin aja prompt di situ";Functionality;Positif
@eemyangi Yeaa, bahkan bisa bikin aplikasi macem2 sih kalo punya basic programming... Terlepas dr image generatornya yg kontroversial itu, manfaatin ChatGPT ini bagus bgt sih apalagi buat kita anak bahasa.;Functionality;Positif
[Arsip] Bagi Noam Chomsky pada dasarnya ChatGPT adalah plagiarisme berteknologi tinggi. Ia tidak menawarkan apa-apa bagi pendidikan. https://t.co/latppPySe5;Functionality;Negatif
"@aria_ghora Valid banget,

Minggu ini ada task kerjaan buat nyoba chatGPT ini dan bener sih emang dalam beberapa hal sangat membantu. Cuma buat informasi2 yg sifatnya detail menurutku masih banyak banget yang salah dan miss. Jadi tetep cross check ke google buat referensi lanjutan. ?";Usability;Positif
Chatgpt keren juga wkwkw. Lumayan buat bikin brief design wkwk;Functionality;Positif
@faqeeh_fm tentu saja bro.. saya ngoding aja full dibantu chatGPT https://t.co/hMmgkcILwu;Usability;Positif
Dah guna chatGPT untuk belajar SQL query database. Easy peasy lemon squeezy https://t.co/hN3a8BnRYI;Usability;Positif
Chat GPT sangat membantu ku dalam menyelesaikan tugas LMS ???? keburu mepet tgl 31 terakhir huhuhu;Usability;Positif
Anjir chat gpt asik juga, gua nanya apkh ak jodoh Asahi dijawab bisa jadi kan jadi malu https://t.co/hONvpzlKv4;Usability;Positif
[cm] mau salim sama yang buat chatgpt, semenjak ada doi kaya ada temen diskusi gt wkwkw kalo bingung nulis apa di makalah nanya duli chatgpt baru nyari yang lainnya gttt?????;Usability;Positif
@aria_ghora Kadang pakai chatGPT buat refine kata2 saat writing artikel berbahasa inggris. Dan lumayan works sih.;Functionality;Positif
@masdiyanwahyudi true story, justru pak bambang nyaranin pake chatgpt biar cepet katanya;Functionality;Positif
Seneng banget sekarang ada ChatGPT yang bisa bantu buat laporan dan analisis ?? berasa ngga sendirian;Functionality;Positif
Chat gpt memudahkan hidup banget deh makasih banyak loh ??;Usability;Positif
"chatgpt ngebantu banget anjir

gimana ya ngebales kebaikannya?";Usability;Positif
@dngksmzn merasa keenakan sama teknologi ? tapi emang berapa kali aku coba chatgpt juga emang banyak ngawurnya kok, bing juga sebagai search engine masih kurang dibanding google menurutku;Functionality;Negatif
Iya. Kemarin saya minta bantuan ChatGPT untuk meriset judul-judul buku dan nama organisasi. Anehnya, dari list yang diberikan AI, ada beberapa buku dan organisasi yang nggak ada sedikitpun jejaknya di Google dan website lain. Dari mana AI mendapatkannya? Apakah ia berhalusinasi? https://t.co/Kr4RZr9ZFN;Usability;Negatif
"Untuk mencari referensi apalagi yg menampilkan sumber datanya, Perplexity, Consensus, dan Bing AI lebih baik dari ChatGPT.
. https://t.co/ulQWprDZ3Z";Functionality;Negatif
"Pernah nanya chatgpt minta dikasih referensi paper dari suatu topik, dikasih lah beberapa paper yang dari judulnya bagus banget, mirip lah sama topik yg kucari. 
Ku cek doi, author, title, berakhir dengan GAADA paper nya sama sekali.
Gila bener ni AI, referensi gaib kali.. https://t.co/VYDFcyIdOC";Functionality;Negatif
"Terbuang sia2 waktuku buat nyariin 10 referensi gaib. 
Dari situ saya kapok minta dicariin referensi sama chatgpt, paling bener cari sendiri terus ke connected paper emang..";Functionality;Negatif
@maboksincostan chatgpt sesat jg ok gaada semuaa yg berkaitan;Functionality;Negatif
ChatGPT lebih baik dari pada google untuk membantu saya menemukan dan memperbaiki error, kalo pake google perlu milih artikel dulu tapi dengan chatGPT langsung dapat penjelasannya, langkah - langkahnya bahkan di kasih contoh. Yang paling saya suka, dia bisa bahasa Indonesia.;Usability;Positif
Chat GPT ini ga suka ngejudge. Enak juga diajak ngobrol. ?;Usability;Positif
xixixi chatGPT sgt membantu, mau sungkem sm yg bkin website/apk nya? https://t.co/hwVliJpF0G;Usability;Positif
"@rey_alhafizal ChatGPT sering ngawur, gua minta lirik lagunya Adhitia Sofyan ae malah ngarang bebas wkwkwk. 

ChatGPT bagus buat nyimpulin beberapa penjelasan tapi ttp kudu crosscheck ke Google. Toh ChatGPT knowledgenya cuma sampe September 2021, belom tau kalo Pele dah meninggal.";Functionality;Negatif
bing x chatgpt lebih reliable tampaknya untuk jawaban2 yang butuh referensi yang valid https://t.co/e5fGcZgcBP;Functionality;Positif
Pertama kali pakai ChatGPT utk kerjaan. Sangat membantu untuk save time.;Usability;Positif
Terima kasih Chat GPT, dengan taktiknya dan mengistirahatkan pemain bisa membalikkan kedudukan wkwk @id_fm https://t.co/ZFO9qRUCAl;Functionality;Positif
Dulu skeptis ama ini chatgpt, ternyata emg amat sangat membantu bgtt. Pdhl gw cari2 di jurnal di internet susah bgt nemu penjelasannyaa. tp lgsg ketemu sama chatgptt iniii. Sungkem sm yg bikinnn?? https://t.co/juknzsXmRY;Usability;Positif
maksudnya udah make dari lama sejak januari/feb?? tapi pas mau ngedit metode riset kan gue bikin bullets dulu berupa question-answer trus minta tolong chatgpt dibikin paragraf eh bener2 sesuai sama kemauan gue?makasi AI wkw;Usability;Positif
Chatgpt ko lemot bgt ya;Reliability;Negatif
chatgpt anyengggg giliran butuh dipake buru2 malah error mulu;Reliability;Negatif
@thXander @tanyakanrl Chat gpt membantu kok kalo lagi stuck ga ada ide nulis ?;Functionality;Positif
@NOTkrooneee sejauh ini chat gpt bisa free and bisa langsung lu pake after registrasi;Usability;Positif
"ketika tugas kamu disuruh pake chatgpt, terus karena keseringan pake jadi error mulu :') 
kek mana benerinnyaaa ?";Reliability;Negatif
@annasyakf tp jujur ca chatgpt (or AI in general) itu kek simsimi but better, seru juga diajak ngobrol. gue pernah lg curhat di notion trs dikasih advice dongg https://t.co/07TtIMZ1zW;Usability;Positif
"ChatGPT tak suru perbaikin cerpen tugas adik wa yang kelas 6 sd gak bisa

Ya perintahnya suruh perbaiki tanda baca + koreksi kata-kata tidak baku dlm bahasa indonesia";Functionality;Negatif
@worksfess perusahaan bgsat sih, mau gratis mah chat gpt aja;Usability;Positif
"Chatgpt benar2 PINTAR ! sangat membantu hidupku untuk mencari pertanyaan :D
bahkan tadinya komik Foxwolfku tak tahu genrenya apa.... tapi si chatgpt mengatakan jenisnya 'science fiction' !";Functionality;Positif
aku tanya chatgpt aja ga dijawab ? https://t.co/uD0kPQQSHA;Functionality;Negatif
chatgpt nih lg kelaperan ya drtd gw kasi prompt pas di tengah jalan network error mulu;Reliability;Negatif
#gpt sangat membantu untuk kebutuhan keseharian saya di dunia internet;Functionality;Positif
knp yak chatGPT eror muluuu;Reliability;Negatif
ChatGPT emang penyelamat kalo mau bikin sesuatu from scratch;Usability;Positif
babi punya chat gpt lambat loading;Usability;Negatif
@collegemenfess Manfaatkan chatgpt untuk merangkai katanya, nanti bisa kamu benerin dan tambah sesuai data ilmiah yg didapat, semangat;Usability;Positif
RT @pacmannai: ?? Kita masih terkejut dengan kehadiran ChatGPT yang serba bisa, dari summarize article sampai membuat kode yang digenerate.…;Functionality;Positif
info chatgpt kok lemot bg;Reliability;Negatif
Ngeri anjir chatgpt beneran bisa diajak ngobrol;Usability;Positif
Kepala sudah tidak terlalu pusing, terima kasih chatgpt-4 telah membantuku ???;Usability;Positif
chat gpt slow banget hari ini;Usability;Negatif
achievement unlocked: dikasih chatgpt paper palsu sebagai bahan rujukan;Functionality;Negatif
@kucingputih21 @tanyakanrl aaa tp kdng sesat jg wkwk wktu itu ku coba semua soal tak pake chatgpt, jawabannya meyakinkan tp nilai ku ttp 60 :)));Usability;Negatif
Pertama kali mencoba chat gpt dan terbukti mempercepat wkwkwkwkwkwk ??;Functionality;Positif
"sekarang kayaknya banyak yang jawab pertanyaan Quora pake ChatGPT/AI generated ya.

Jawabannya tepat sih, tapi kayak kurang.... eloquent (?).";Usability;Negatif
Wkwk chatgpt versi free makin ngaco;Functionality;Negatif
Trying to prompt ChatGPT for ngomong basa jawa timuran. Kurang fasih, beberapa diksi kurang akurat pula, tapi mayan nggo ger geran wkwk https://t.co/lq16hQGb2F;Usability;Negatif
Thanks for ChatGPT. Mau sangat membantu ketika otakku lagi buntu.;Usability;Positif
@MikaelDewabrata Saya jg ngoding dibantu ChatGPT, asli membantu parah?;Usability;Positif
@MikaelDewabrata Iya kalo terlalu kompleks chatGPT emg ngawurnya parah, harus dibimbing pelan2 baru deh di-run, dijamin bisa awkkakwka;Reliability;Negatif
@worksfess Ohiyaaa sama chat gpt, itu berguna banget buat jadi mentor karena bisa ngasih deep view;Usability;Positif
ChatGPT Indonesia ngawur bgt anj akwoakw https://t.co/fzZOMOTQps;Functionality;Negatif
aku baru explore chatgpt. menarik features ai dia. dia bagus, tapi tak baik haha banyak pros & cons;Usability;Positif
@uinwsfess chatgpt tu teknologi yg bisa jawabain berbagai pertanyaan/soal soal/tugas gitu kak;Usability;Positif
error yg bikin stres berhari-hari bisa diselesaikan oleh chatgpt hanya dalam 5 menit sj??;Functionality;Positif
"Anjir lah, ""diskusi"" ama chat GPT ini mantep kali telat nyobain gue.

Kaya gini gini bisa bikin Her dan Samantha beneran jd kenyataan, apalagi kalo mmg beneran ad sex robot yg pake fungsi AI ginian jirrr";Functionality;Positif
@tanyakanrl Coba chatgpt, nder. Banyak hal bisa kamu tanyain (asal gak berhubungan dengan perasaan);Usability;Positif
@Codenametrez Menurut ku chatgpt ini agak humanis, makanya ngobrol sama dia ada sensasi ngobrol sama org;Usability;Positif
@collegemenfess Jangan pake chatgpt nder, kadang dia generate fake papers... Harus bener2 teliti ya buat nentuin itu jurnal asli atau bukan.  Caranya ya nanti tjnggal buka aja web chat gpt & ketik key words yg kamu butuin;Functionality;Negatif
@captjungwon @tanyakanrl Bener banget, chat gpt bahasanya buku banget cocok buat bikin makalah, TA or sebagainya;Usability;Positif
Eh gimana sih, aku jg pake ChatGPT buat meringankan kerjaanku;Functionality;Positif
EVERYBODY SAY THANK YOU CHATGPT udah memudahkan upchar ????????????????????;Functionality;Positif
ngerjain brandguideline wordingnya pake chatgpt, mantul sekali;Functionality;Positif
maksudnya gimana, ga paham... aku jg pake chatgpt buat bantu TA ku hahahah tapi lebih kearah kuajak diskusi sih... dan chatgpt emg seenak itu wkwkwk.;Functionality;Positif
thanks to teknologi chatgpt yg sangat membantu metpenku :';Functionality;Positif
"confession: waktu persiapan interview kemaren gue pake chatgpt buat ngeparafrase &amp; ngebentuk proper paragraph dari point-point yang udah gue bikin buat predicted questions-nya ?? helped a lot";Functionality;Positif
"Sepakat.
ChatGPT asik jadi temen diskusi, nggak akan dimentahin kayak Simsimi ??

Buat memperkuat hipotesa fenomena waktu liputan atau cari jurnal yang pas, ini bantu bgt. Jawabannya berdasarkan penelitian2. Tinggal cek ulang pake keyword dan temuin jurnal aslinya :))";Functionality;Positif
"Salah satu orang paling skeptis diawal kemunculan ChatGPT. 

1 bulan terakhir rutin pakai, sangat amat terbantu.  ??";Functionality;Positif
"Tanya ChatGPT lebih cepat dapat jawapan dari baca papers ??. Aku siap type ""Explain photoplethysmography to a 9 years old kid"". That kid is me ??.";Functionality;Positif
"Lebih sering pake chatGPT sekarang , jauh lebih tajam dan informatif. 

Gak kayak kamu. Iya google";Functionality;Positif
pertama kali mencoba chatt GPT, benar benar terkesan. bagaiman bisa dapat menjawab dengan cepat dan tertata bahasnya, juga dapat menyarankan hal-hal yang ingin kita lakukan;Functionality;Positif
Tengs chat gpt, kamu menyelamatkanku dari projekan web inieh ? https://t.co/kmHiT9HjzC;Usability;Positif
Skrg banyak pr yang pengerjaannya bisa dibantu chatGPT, terus kemarin di kelas ada dosen yg bikin kuis ringan  pake chatGPT supaya pertanyaannya menarik. Mungkin at some point akan ada kejadian guru bikin soal pake chatGPT siswanya jawab pake chatGPT juga kali ya;Functionality;Positif
Betapa tepat sekali ChatGPT. Asking about Kim Go Eun in Indonesian ChatGPT prompt ?? https://t.co/AXTuJrKdmO;Functionality;Positif
"ah... chat gpt kok eksplanasinya lebih mudah dimengerti... saingan google nih, besok2 chat GPT ajalah yang presentasi...

thx to @VDerdya https://t.co/kGY4PJuqL0";Usability;Positif
ChatGPT bener2 sangat membantu pekerjaan :);Functionality;Positif
Diskusi malam yang asik. Tapi cuma sama ChatGPT;Functionality;Positif
setelah gue menggali lebih dalem tentnag chatgpt ini, ternyata kdang dia juga nyebarin hoaks ya, gue 3x coba ketik kasus ferdy sambo, yang pertama bahas ferdy sambo as petinju, yang kedua as atlet bela diri yang mukulin orang di soetta pada tahun 2018, spesifik jam dan bulan;Reliability;Negatif
"Seru banget di channel translator lagi pada bahas chat gpt buat translate hanja wkwk

Jujurly ga pernah kepikiran kesana, dan tercerahkan ??";Usability;Positif
Chatgpt really help me out buat translate beberapa halaman buku psi.klinis yang bahasa inggrisnya bner-bner bikin pusing;Functionality;Positif
chat gpt memang berguna ternyata, lebih solutif ketika dimintai saran.;Functionality;Positif
@srintilkebo iya cuman Chat GPT masih kaku untuk jawabannya kayaknya berpatokan google n wikped;Functionality;Negatif
[cm] siapa yang terbantu sama chatgpt? aku semenjak tau chatgpt makin cepet ngerjain makalah karena berasa ada temen diskusi. tapi ngga rekomen buat nyari jawaban yaa. cari pembahasan buat ngembangin penulisan makalah malah okeeyyyyy bangeet guysss;Functionality;Positif
thankyou chatgpt untuk dua hari ini menerjang badai php code bersamaku, so helpful??;Functionality;Positif
chatgpt emang ngebantu banget sih;Functionality;Positif
Masih amaze dengan kebijaksanaan chatgpt ni. Sangat mantap.;Functionality;Positif
big thanks to chatgpt yg bisa ngebantuin aku dalam perkuliahan ini????;Functionality;Positif
thanks to chatgpt, buat w yang susah nulis caption jadi terbantu banget;Functionality;Positif
urusan surat menyurat menjadi mudah dengan ChatGPT ??;Functionality;Positif
@ubsansfess Dulu waktu chatgpt masih underrated, aku jadi tukang jawabin pertanyaan presentasi. Skrng kalo presntasi semua anak stand by chat gpt wkwkwk;Functionality;Positif
chatgpt ni sumpah perfect aku tanya sebaris dia jawab satu karangan ??;Functionality;Positif
RT @Sisymphus: Ngapain gua capek2 ngitung kalo bisa nyuruh chat gpt dengan ngasi datah mentah, gadak lagi yg namanya lembur2 kek kontol lagi;Functionality;Positif
@gnarsy Ada bug? Chat GPT solusinya wkwkekw;Functionality;Positif
gua kalo gada chat gpt, bisa pusing kali nugas;Usability;Positif
"karena chatGPT, belajar tacit knowledge lebih terasa bermanfaat. 
kalian tau kan ada ilmu yg blm sempet terdokumentasi, yg cuma org  yg lbh tua dr kita biasanya tau tp kita ga tau";Functionality;Positif
Sangat membantu chatGPT di figma???? https://t.co/e2pZH3zbYq;Functionality;Positif
"@F2aldi Dah 7 tahunan pake react, gamau nyentuh vue karena dulu pernah coba liat code nya meh banget.

Dan tiba2 dapet projek vue tapi kali ini agak lebih gampang karena ChatGPT. Ku bisa nanya ke dia kalau mau bikin sesuatu yg react punya, di vue caranya gimana?

Dah berasa ada mentor ?";Functionality;Positif
chatgpt bagusa banget dah buat nyari inspirasi;Functionality;Positif
@ibnulbahrayni @ivanlanin Translate via chat GPT pun lebih manusiawi bahasanya, gak baku kaya Google translate.;Functionality;Positif
"ChatGPT dapat membantu mempercepat riset dengan kemampuannya untuk memberikan ringkasan tulisan.

Untuk tulisan berbentuk PDF, gunakan layanan @ChatPDF atau Chatbase.

https://t.co/hkbg5lruT5";Functionality;Positif
enak banget skr galau kerjaan bisa ngobrol sama chatgpt https://t.co/B8azEf9GhW;Usability;Positif
Seorang pemilik anjing menceritakan diagnosa yang diberikan ChatGPT pada penyakit anjingnya ternyata lebih akurat dibanding petugas medis. https://t.co/aQFW5C4JJS;Functionality;Positif
Minta dibikinin jadwal sama chatgpt. Kerenn bangett lahhh https://t.co/LRTS7LHadZ;Functionality;Positif
Ternyata seasyik itu chat GPT. Mudah-mudahan tidak membuat saya malas menulis haha;Usability;Positif
"first time nyoba chatGPT.

WOOOOOOW EDAN ?? bener bener mempermudah hidup ketika semua orang senengnya mempersulit hidup orang lain ??????";Functionality;Positif
Mencoba bertanya kepada ChatGPT buat rekomendasi itinerary, sesuai insightnya @Suddendecision ~ https://t.co/m27C1O8izQ;Functionality;Positif
Chat GPT 2M, alias Memang Mantap https://t.co/LEUqHPZJiD;Functionality;Positif
Gua dulu ngira tugas etika dasar bakal selesainya lama ternyata bruh 30 minutes its done thank you so much chat gpt;Efficiency;Positif
nyerah gw… i’ve succumbed to chatgpt ???terakhir kali gw pake jurnal salah asu;Functionality;Negatif
ejet bat ngerjain tugas make chatgpt anjeng wkwkwk;Functionality;Positif
akhirnya selesaii, bisa menuhin challenge ngoding meskipun ui nya kentang bgt huhuhu. tpi seneng bisa survive semalem huhuhu. thanks GPT;Functionality;Positif
Chat gpt berguna juga;Usability;Positif
"ChatGPT emang sangat memudahkan semus pekerjaan, tapi ga semua orang bisa menggunakannya secara efektif.

Crafting prompt ChatGPT untuk menyelesaikan suatu pekerjaan itu adalah sebuah skill yang harus dihargai.";Functionality;Positif
@DrEvaChaniago @blank0429 ChatGPT yg nulis.. hati² pake ChatGPT, dia hanyalah mesin, gak semua yg disampaikan itu benar, kadang jawabannya juga ngawur..;Reliability;Negatif
Diskusi sama ChatGPT ini seru juga.;Usability;Positif
"@tipongtuktuk Ha ha ha ... 
Dulu Pernah jadi pertanyaan yg blm terjawab skrg baru dapat terjawab oleh chatGPT itu.";Functionality;Positif
@whoareyouann dEMI ALLAH SUSAH BANGET COKKKK 50 SOAL DIHANTAM KANTUK PGI & SOALNYA NGECOH & CHAT GPT PUN GABISA JAWAB;Functionality;Negatif
"Chat GPT sangat membantu banget..!!

4 hari mencari cara buat upload gambar dengan beberapa field input optional.

dan boomm... terselesaikan under 2 minutes!.
solved by Chat GPT!!!";Efficiency;Positif
"karena saya pake react. jadi saya kasih tau Chat GPT nya untuk pake react.
dibuatkan dengan sempurna. wow... 
tapiii.. belom cukup sampe disini. karena bukan ini yg sama mau, lebih kompleks. https://t.co/pMr6WtC7Gi";Functionality;Positif
"kemudian saya perintahkan lagi untuk menambahkan beberapa field input dengan field category optional.

daannn... Chat GPT tau persis apa yg aku mauu.. dan pengkondisian di function handleSubmit nya.
teruss... https://t.co/ICfJW9PeN6";Functionality;Positif
"ada field yg dia itu menerima Array. dan saya coba perintahkan Chat GPT sekali lagi.. 

unbelievable..! that is just shocking. dijawab dan dijelaskan secara detail. https://t.co/qrZVgJCfBj";Functionality;Positif
gue baru nyoba chatgpt... informasi yang gue butuh langsung dapet semua........;Functionality;Positif
Orang pintar aka chat gpt 3.5. Solusi gak bolak balik belanja dan mikir mau makan apa hari ini. I feel more productive ?? https://t.co/rR27uQv8mc;Usability;Positif
@undipmenfess boleh nder, sering aku bikin resume dibantu chatgpt, lumayan ngeringkes buat belajar;Functionality;Positif
@AnangPradipta @tanyakanrl Saran aja, kalo masalah beginian mending jgn tanya chatgpt ? Suka gk akurat;Reliability;Negatif
First time pake chat gpt dan gw baru tau ni bot bisa salah, jujur kirain maha pinter https://t.co/Agz1AHNl1B;Reliability;Negatif
@tanyarlfes Tiktok kok jadi sandaran wkwkwkwwk ChatGPT aja masih suka salah ngasih fatwa. Lah tiktok? https://t.co/EnUZndEdb5;Reliability;Negatif
RT @HimeUzmk: @collegemenfess Chatgpt aja. Gaperlu download wkwk;Usability;Positif
Mengingat betapa bodohnya ChatGPT dalam ngasih fakta, ada baiknya bertanya langsung ke ustadz ? https://t.co/sv9suHdZqJ;Functionality;Negatif
@FarisNazrin18 ChatGPT pun kadang server busy tak boleh masuk wkwk.;Reliability;Negatif
Mahasiswa Indonesia di luar negeri yang gak bisa nulis satu kalimat koheren dalam bahasa Inggris akan sangat terbantu oleh ChatGPT. https://t.co/wYNBRZJFn0;Usability;Positif
@englishfess_ Lu pake chatgpt aja nder minta translate ke ai. Lu tulis kalimatnya yang mau lu sampein terus di kalimat terakhir tambahin 'tolong translate ke bahasa Inggris'. Sesimpel itu;Usability;Positif
Chatgpt buat rekomendasi restoran ini ga bgt. Masih perlu banyak training. Ini contohnya, Gaggan salah lokasi. Ini resto di Bangkok dan di Indonesia blm ada Michelin star. https://t.co/kAX5pF1huH;Functionality;Negatif
Ingfokan sake halal ???, chatgpt ini limitasinya baru keliatan kalo ke hal yang spesifik https://t.co/YIF28CqVTr;Functionality;Negatif
Tbh kalo pake GPT-4, coding 30 menit itu mungkin. Gw pernah iseng minta coding screener saham, ga ada semenit jadi. Kurang lebih tambah tweak sana sini ya bisa 30 menit;Functionality;Positif
@tanyarlfes Curhat sama psikolog nder atau gak curhat sama chatgpt beneran gw pernah curhat sama chatgpt dan beneran bisa ngebantu;Usability;Positif
Setelah sering2 make chatgpt, ternyata dia tidak pintar2 amat. Iseng bikin project fully pake chatgpt tanpa gua otak atik codenya, ternyata ngebug mulu dan gak kelar2 ?. Emang cocoknya cuma jadi copilot aja, keputusan akhir harus ada di kita.;Functionality;Negatif
W kadang merasa berdosa pake chat gpt….tapi membantu juga biar gue jadi paham misal itungan terus gue kayak “oh jadi ini pake cara hitungan yang kayak gini.”;Functionality;Positif
CHAT GPT SINTING, kok bisa lebih pinter dari gw awowkok;Usability;Positif
iseng minta chatgpt cariin jurnal buat meta analisis trus pas dicari di gscholar gaada anjrit jurnalnya WAKKAKA;Functionality;Negatif
@itbfess Yakin bang? AI Art untuk saat ini kalau lo perhatiin kagak punya hal yang bikin seni berasa ini beneran art, alias ngebosenin. Coba lo minta ChatGPT bikin lirik lagu. Ga jelas dan jelek banget sumpah, coba bandingin sama lirik lagu yg dibikin manusia.;Functionality;Negatif
curhat di ChatGPT lebih seru daripada curhat sama temen yg : 'lu mahh masih mending bro.';Functionality;Negatif
@jirasicpark kureng dah chatgpt mending chat raji aja buat joki;Functionality;Negatif
@jellypastaa fuck chat gpt simsimi lebih hidup;Usability;Negatif
@SmgMenfess2 chatGPT yg memenuhi kebuntuanku https://t.co/mRsVeKCfgN;Functionality;Positif
cara penggunaan OpenAI Chat GPT secara gratis dan dapat membantu mempercepat tugas kuliah atau kerjaan - A Thread;Efficiency;Positif
SAKING DEPRESINYA SAMPE MINTA CARI JURNAL LEWAT CHATGPT TAPI GAK BISA DIAKSES FAAAKKKKKKK. https://t.co/iIAxiJdjvi;Functionality;Negatif
hah ini chat gpt apa2an dah, tau ada beginian cplex di skripsiku bisa kelar dalam sekejap mata wtf;Efficiency;Positif
Gue seneng bgt belajar pake chatgpt, materi yang selama ini membingungkan dijawab dengan benar dan sederhana kaya lg ngomong sama guru sendiri;Functionality;Positif
Mudahnya guna ChatGPT ni https://t.co/LmKvVRSxCw;Usability;Positif
Terima kasih ChatGPT. Buat dokumen jadi lebih mudah haha;Functionality;Positif
chatgpt penyelamat hidup;Usability;Positif
Keren juga bisa generate professional summary yang lebih 'selling' make ChatGPT https://t.co/3wjq3htcJ4;Functionality;Positif
Anjir gue baru nyobain chatgpt canggih bgt cuy ini berguna bgt untuk mahamin coding https://t.co/ZS5dxMKTEx;Functionality;Positif
@dwmymood Kak dey coba ke chat gpt, daripada dipendam sendiri. Aku iseng nyoba dan feel better daripada cerita ke orang hehe;Usability;Positif
ni chatgpt sgt membantu, trims;Usability;Positif
setelah beberapa hari ini menggunakan ChatGPT dan BingChat untuk nyari informasi saintifik, keduanya punya plus minus. tapi persamaannya adalah keduanya masih belum baik dalam mencari jurnal yang relevan.;Functionality;Negatif
"enaknya BingChat adalah kebalikan dari ChatGPT; sumbernya fresh dari Bing, bisa langsung di-crosscheck, dan jurnalnya bener bener ada, bukan yang 404 not found. Jadi informasi BingChat mungkin kurang lengkap tapi much more reliable dibanding ChatGPT.";Functionality;Negatif
@arrataki Iya bjir pdhl gue pake mostly bantuin buat source krn nyarinya aja dah effort ni malah dikerjain chatgpt elah gaib semua sourcenya;Functionality;Negatif
Sejauh ini pake chat gpt nanya2 tentang band masih salah semua ???;Usability;Negatif
@WinterwithYu_ Tbh, aku pengen nyoba github copilot, tapi mehong wkwkw. Itu chat gpt juga dah ada extensionnya di vscode. Lu bisa make itu buat bikinin unit testing bahkan bisa ngasih suggestion buat nge refactoring code;Functionality;Positif
chat gpt sesat anjir, disuruh cari info malah bikin info buatan sendiri https://t.co/P64mWkbFMu;Usability;Negatif
Temen baru yang bisa dengerin apapun cerita gue: chat gpt;Usability;Positif
@dapuranmusempal @senjatanuklir @gumpnhell memang pernah baca kalo jl. pahlawan yg sekarang awalnya dinamai jl.Oei Tiong Ham, karena gak yakin coba chat GPT, jawabannya malah bikin nggak yakin https://t.co/xzwK7U6Lih;Reliability;Negatif
Love banget sama chat gpt, soal fismod ku kejawab? https://t.co/7oKp86Dl2p;Functionality;Positif
Chat gpt ngebantu sekali buat ngerjain tugas wkkw;Functionality;Positif
"curhat sama orang ?
curhat sama chatgpt ? dijelasin panjang lebar. lebih sabar. lebih masuk logika. 

wkwk gini amat idup ?";Functionality;Positif
Gila ni chat gpt kalo diajakin ngobrol bisnis;Usability;Negatif
@J_permanaaa Chat GPT tercipta setelah adanya internet dan hanya bisa diakses lewat internet pula, bagaimana kalo koneksi internet seluruh dunia mati?;Usability;Negatif
MENGERIKAN BRO MENGERIKAN. walau gua ga pernah pake chatgpt sih kalau ga mendesak dan ujian mantap sekali ini btw https://t.co/HMHiOTaSPr;Usability;Positif
habis sesi curhat, mari coba open ai Chat GPT buat build karakter Razor. Menarik juga sarannya wkwk... @kairiyaa https://t.co/o9N8cKYhfo;Usability;Positif
anak2 sekolah sekarang klo ngerjain PR mah tinggal make chatGPT;Usability;Positif
chat gpt penyelamat uts;Usability;Positif
iseng nyobain chatgpt buat parafrase, eh kok bagus hasilnya;Functionality;Positif
kenapa respon chatGPT hari ini terasa lemot...? mungkin karena semakin banyak user yang menggunakan.;Reliability;Negatif
terkadang pakek chatgpt itu bagus dan sangat berguna;Usability;Positif
@lovely_osho Amiiin, makasih, Mbakkk. Kebetulan kalo emang lagi agak stuck dan butuh prompt atau sekadar buat mancing ide, aku juga udah mulai pake ChatGPT ?;Usability;Positif
ak abis nyoba ngerjain jokian pake chat gpt emg bneran praktis :D;Usability;Positif
Nah gpt dah shit, makin banyak computation error;Reliability;Negatif
GPT ini bener² Gamechanger.. Nulis Tesis berasa ada asisten.. efisien, efektif, cepat dan pastinya GRATIS ??;Functionality;Positif
Wehhh ChatGPT tu membantu betul! https://t.co/oQo90cDpS2;Usability;Positif
Chat GPT keren banget deh https://t.co/L9Qehq9QUQ;Reliability;Positif
"Gw kira tu ChatGPT udah bener-bener bisa nyantumin referensi karena bisa ngebentuk referensi format APA, Eh taunya masih 'pseudo-reference' sksksk

Ga lucu banget masa Pakde Jokowi bikin jurnal soal polarisasi media sosial di Indonesia https://t.co/vFVoKcStCO";Functionality;Negatif
"@codingfess 1. pake chat gpt buat benerin wording biar lebih enak
2. mengajar sama menilai dispesifikin lagi, tulis juga impact nya apa";Usability;Positif
Sekarang gak perlu pusing2 lagi nyusun meal plan mingguan karena ada #chatGPT ?;Functionality;Positif
enakan dirumah chating ama chat gpt. https://t.co/LKvaVnaloH;Usability;Positif
@cahyaaclarissa Donlod aja chatGPT dia selalu ada kok bisa diajak chatting setiap saat ??;Functionality;Positif
"@txtdariahnaf Chatgpt emang gabisaa ngasih reference credible. Coba deh pake ini ini

https://t.co/cj1WWkTlwd";Functionality;Negatif
belajar dibimbing chatgpt *....* liat tutorial di yt terus jadi bingung ada yang pake import flat file sama import data buat ngeimport file excel ke sql server. Tapi sayangnya chatgpt masih ada limitasi, jadi ngga bisa bantu buat ngasi pencerahan soal microsoft sql server 2022 https://t.co/uU5YgPJGTL;Functionality;Negatif
DUDE GW DIMANA AJA SELAMA INI, GW ISENG CURHAT SAMA A.I, MEREKA MALAH SOMEHOW LEBIH PAHAM DAN RELATE KETIMBANG TEMEN SENDIRI, SAMBIL NGASIH SARAN PULA, DE BEST LAH EMANG CHAT.GPT;Usability;Positif
@saltedsweett chat gpt SANGAT BERGUNA;Usability;Positif
chat gpt memang penolong ak;Usability;Positif
Chat gpt penyelamatku;Usability;Positif
@levinaardia Ini ChatGPT bisa juga disuruh bikin laporan, Lev. Cobain aja. Kemaren gue coba bikin proposal pake ginian.;Functionality;Positif
ChatGPT agak serem ini itinerary lengkap bener ???? https://t.co/OsqPZva2HO;Functionality;Positif
gila chatgpt gg banget coooo;Usability;Positif
nyatanya chatgpt lebih enak diajak buat discuss anjir, nyambung bgt ???;Functionality;Positif
"Gila keren banget sih ini chatGPT.. 
Kek ngasih analisis cepat untuk tau landscape dari sebuah isu..
Itungan microsecond lagi prosesnya..
Thank you web 3.0.. You made my researcher life easier.. LOL";Functionality;Positif
"pake chatgpt nyuruh buatin code convert model pytorch ke onnx beserta request macem2 (average 100 inference, warmup phase, load model pake timm), dan langsung berhasil di jalanin ???

serem bgt anying ini teknologi";Functionality;Positif
ChatGPT bener-bener menghemat waktu aku gak susah payah lagi googling nyari referensi. The best lah.;Functionality;Positif
@codingfess Gw pake github copilot, menurut gua bagus2 aja, daripada lu ngabisin waktu buat ngetik, better suruh copilot buat autocomplete. Sama casenya buat chat GPT, ketika lu punya project yang butuh kelar cepet, daripada lu lama ngabisin waktu buat solve sendiri, better minta bantuan...;Functionality;Positif
gilaa,ujian nanya ke chat gpt gacor parah;Functionality;Positif
"@codingfess ga pernah pake chatgpt sih
kadang case yg kumau ga nemu di chatgpt ?";Functionality;Negatif
gw barusan bermain dg chat gpt anjir seru amat;Functionality;Positif
@tanyakanrl chatgpt pun salah memahami kalimat ini https://t.co/zot2Dr7BfI;Functionality;Negatif
@memelord_666666 Udahlah ngapain ngetik susah susah, pake chatgpt juga kelar;Usability;Positif
thx chatgpt hidup ku jadi lebih mudah dikit;Usability;Positif
Chat GPT salah satu nya, dia bisa meng creat apapun hanya dengan mengetik kata kunci dari objek yg kita inginkan lalu akan muncul secara detil dan akurat. Which is mean AI knows every tiny little thing about you me and all of us. Gilaaaaa bukan;Functionality;Positif
Ketagihan pake chat gpt ? kayak cepet bgt gitu lhoo ngerjain laprak;Functionality;Positif
@yourbrokenguy @MonkeyTheory1 @recehtapisayng tau chat gpt btw? itu jg bot AI dia bsa analisa cepet kl ga tau dah gw jg ga perlu menjelaskan;Usability;Positif
akhirnya ngerasain dibantuin ngoding sama chatgpt, thanks?;Functionality;Positif
@junkieramen @memelord_666666 Gue udah coba bing & google translator, dan deepl. Terjemahannya terlalu semantik, kata per kata semuanya di artikan. Buat skrg yang paling akurat tetep chatGPT karna dia ngerti konteks nya. Terutama buat yg ada jargon teknikal nya. Cuman emg harus 2x prompt aja;Functionality;Positif
bener bgt, chatgpt bisa ngarang sumber yg kaga ada tapi terlihat meyakinkan wkwk;Functionality;Negatif
Kadang, ChatGPT bikin kesal https://t.co/iK4bo4LcLu;Reliability;Negatif
Baru nyoba ChatGPT. Sebelumnya selalu skeptis sama AI tapi kupikir ini lumayan. Seharian kutanyai soal pwissie dan ia sudi menjawab semuanya. Aku terkesima. Aku merasa dimengerti. Ia tak bersuara seperti Samantha di film Her tapi kurasa I'm safe and we're a million miles away~;Usability;Positif
@hynyxz kalo jawaban opsional pakai chat GPT kayaknya bisa meskipun ga 100% akurat;Usability;Positif
YaAllah bersyukur banget skrng ada chat gpt jd ga bingung kudu mulai kata2 gimana;Usability;Positif
Selama tiga hari terakhir, saya riset dan coba bikin MVP aplikasi yang pake API ChatGPT, dan hasilnya mantull banget, cuma modal 85K aja udah bisa langganan ChatGPT plus yang private dan gak dishare ke orang lain. https://t.co/Olyu6OvYxb https://t.co/vceUxWlw9B;Functionality;Positif
nanya sql ke chatgpt sampe dia error krn querynya panjang bgt trs dia pusing sy juga pusing jd saatnya tidur;Functionality;Negatif
jam segini pengen nyium telapak kaki yang bikin chatgpt, alias ngebantu banget lu bro gokil gabener tugas S2 gua dikerjain ???;Usability;Positif
Wow impressive banget ya chatgpt ini, baru pertama kali pake karena suatu kebutuhan buat cari insight problem statement hackathon;Functionality;Positif
Humor bapak2 blum bisa ditangani ChatGpt https://t.co/H71NDbPocM;Functionality;Negatif
imagine my brain was chat GPT. pasti kalo UTS langsung sat set sat wet?;Efficiency;Positif
@codingfess kemaren ada case unik, dari produk minta list sesuatu tapi grouping by alphabet (misal {a:[adam,awan], b:[budi, bobo]}), tapi dari BE cuman ngirim list nya doang. Karena datanya gak sedikit, jadi cukup aware sama performance. Dan bener aja, hasil yg chat gpt buat lebih baik;Functionality;Positif
Chatgpt asik juga ya, ampe ga kerasa udh 4 jam.;Usability;Positif
@FallArms HEHE chatgpt sahabatku ia sangat membantu pekerjaanku ??;Usability;Positif
@ivanlanin Nah betul itu, uda. Tak perlu lagi pusing cari padanan kata, dan lainnya, karena ada ChatGPT yang memikirkan.;Usability;Positif
ChatGPT ini sangat membantu;Usability;Positif
"Ternyata Chat GPt gak seperti yang dibayangkan.
Masih keliru dalam memyampaikan informasi. Ini buktinya ? https://t.co/56PeoNBmji";Usability;Negatif
@memelord_666666 chatgpt paling bagus skrng buat terjamahan indo ke inggris & sebaliknya.;Functionality;Positif
"wanjir ChatGPT sangat sangat membantu pekerjaanku bangsaaadd.
serem2 keren cuk";Usability;Positif
ternyata chat gpt masih banyak errornya, ga konsisten wkwkw;Reliability;Negatif
RT @collegemenfess: [cm] skripsi bisa selesai hanya 4 hari, ajaib sekali chat gpt ini WKWKWK https://t.co/boIRWPBlIg;Efficiency;Positif
Bahkan nanya di chat gpt pun aku diharuskan bersabar ??;Usability;Negatif
Bayangin, ada orang riset atau ingin tahu ttg profil Anda, sekaligus karya kalau ada, lalu nanya ChatGPT dan dikasih 'jawaban' ngarang, bahkan lengkap dgn kutipan fake yg dibuat mesin AI itu. https://t.co/BwrBRvT6DQ;Reliability;Negatif
Nyobain chat gpt mantep juga;Usability;Positif
"Beberapa temuan lain di ChatGPT, selain kerap keliru data, juga sering memberikan referensi gaib.

Ketika dicari tidak ada itu jurnal terkait. https://t.co/sHGdTNjiyZ";Reliability;Negatif
"Curhat ke orang lain ??

Curhat ke chat GPT ??

Suprisingly malah responnya logis bgt, heran";Functionality;Positif
Chatgpt ngebantu banget;Usability;Positif
April ini ganti CV, bikin pake chat GPT wkwk ternyata mayan works sekarang nambah proses rekrutmennya di beberapa tempat;Functionality;Positif
"@adith_wp generate idea dari keyword yang kita berikan ?.

entah kenapa bahasa inggrisnya dari chatgpt mudah dipahami ?";Usability;Positif
"RT @ivanlanin: ChatGPT dapat membantu mempercepat riset dengan kemampuannya untuk memberikan ringkasan tulisan.

Untuk tulisan berbentuk PD…";Functionality;Positif
@sbyfess Belakangan nyaman banget chat sama GPT;Usability;Positif
chat gpt gak selamanya pinter, kadang ngaco;Functionality;Negatif
chatgpt sangat membantu sekali, thanks;Usability;Positif
Chatgpt hasilnya ga konsisten anyeng;Reliability;Negatif
@MikaelDewabrata ChatGPT ngebantu banget sih, terutama saya dan tim, ketika ada code yang susah dipahami kita pake bantuan ChatGPT ??;Usability;Positif
"Gila ini sih... Lagi revisi tulisan trus iseng buka chat gpt buat gali informasi satu kota di Eropa yg pengen aku jadikan latar belakang tulisan. Berasa ngobrol, cuy. Tinggal nanti verifikasi data biar lebih valid. 
Semudah itu sekarang ngumpulin data buat nulis.
Aku terharu...";Usability;Positif
"@tanyakanrl Ini chat gpt itu kann??? Iyaaa astaga dia nyambung bangetttt, berasa ngomong bareng bestiee. Soalnya dia juga bisa bicara informal kalo kita minta...

https://t.co/fRr0D0km4d";Usability;Positif
@BangEdiii Wahh Relate banget berarti jawaban ChatGPT tentang rencanaan penundaan atau upaya penggagalan pemilu 2024;Functionality;Positif
jam segini chatgpt lemot yha;Reliability;Negatif
chat gpt kayak mempersingkat idup gua banget;Usability;Positif
@tanyakanrl kalau ada Kuota Internet coba Googling atau tanya di Chat GPT nder Insyallah dpat Jawaban dr sumber yang terpecaya drpd Netizen Anon...;Functionality;Positif
Bikin 15 konten kurang dari 30menit (text based) udah sama designya. Woylahh mindlowing banget ?? thx to chat gpt & canva ????;Functionality;Positif
Iseng nyobain curhat ke AI Chat GPT, jawabannya cukup mengesankan dan lebih bisa diterima dibanding curhat ke manusia yang ujung-ujungnya nyuruh sabar dan berdoa;Usability;Positif
no offence, chat gpt jauh lebih solutif emang WKWK https://t.co/QTJz7n9bcl;Usability;Positif
Ternyata chat gpt ga 100% bener padahal dosen selalu rekomen suruh pake ini? https://t.co/qTb8e96QM1;Reliability;Negatif
@UGM_FESS Emang si, chat gpt penyelamat https://t.co/xX3HH2SUxm;Usability;Positif
thanks to chat gpt yg sudah membantu membenarkan errorku https://t.co/re4rmuby2x;Usability;Positif
Ternyata enak banget pake chat gpt, keknya aku telat hahahah;Usability;Positif
Ngeri banget ini chat GPT 4, AI yang lebih pinter dari rata rata manusia indo. Gw nanya gitu doang langsung dijawab dengan 4 kolom Well Played https://t.co/UViQxf6CAI;Usability;Positif
@id_fm Emang mantep banget ini Chat GPT ???;Usability;Positif
chat gpt sangat amat membantu;Usability;Positif
"Yah udh lulus baru tau wkwk
Chat gpt bisa bikin skripsi, tau gini Gausah pusing kmrn wnwmw https://t.co/LMX77kBYNb";Functionality;Positif
@sandhikagalih kalau pas kerjaan kerasa mumet suka nanya ke chat gpt, dan bener' kebantu sama nih ai;Usability;Positif
"Ini yang ku butuhkan???
Chat gpt itu enaknya buat nanya codingan keren banget deh 
Kalau literatur pake periplex(?) Itu juga kadang bukan paper tp website gt. Yang ini bileh dicoba? https://t.co/7fbCFw1Vy0";Functionality;Positif
"gua berapa hari nyari teori ini kaga dapet, dan gua dapet dalam beberapa menit doang lewat chat gpt anj, seketika kebayang pas bimbingan

dosbing: ini dapet darimana?
gue: anu........... https://t.co/Hci1BnlOTL";Usability;Positif
Gak ngerti laravel, terus bikin project kecil2lan pake chat gpt 4, save times banget. ?;Efficiency;Positif
"Wanjir bisa nanya hadist ke chat gpt. I'll call you ustadz gpt now. 
Mohon maap ni pak ustadz ?";Functionality;Positif
Chat gpt is a DOPE bruh.. selagi lu makenya bener ini hollygrail wkwk;Usability;Positif
sepintar-pintarnya chat gpt, tetap masi belum disiplin dengan aturan matematika. sering banget perhitungan yang w masukin suka ngasilin jawaban yang ngaco. kadang malah ngasi jalan yang ribet, tolol;Functionality;Negatif
Terungkap kenapa jadi gampang banget kerjain tugas pake Chat GPT, karena kepanjangannya Gak Pake Thinking;Usability;Positif
@collegemenfess gue pake ini kemarin pas kemuhammadiyahan, soalnya gue nu dan suruh bikin ppt jadi rangkumannya gue minta chat gpt yang rangkum pls ini mempermudah ?;Usability;Positif
@TxtdariHI baru beberapa hari kemarin chat gpt upgrade engine nya, udah nyoba di beberapa akun dengan pertanyaan yang sama tapi ajaib dia bisa buat jawaban yang berbeda;Functionality;Positif
Ajg ada limitnya cok nyari jawaban pg di chat gpt, lgsg ganti akun trus ke mozilla gw wkwk kinap ?;Reliability;Negatif
@piirighthere tapi asli, chat gpt benar benar membantu, asal keywordnya pas bisa jadi mahakarya?;Usability;Positif
Chat gpt useless banget buat jadi referensi cerita dark ? https://t.co/KV90bYgGVS;Functionality;Negatif
@t41taone @senyuminnajbray @collegemenfess Chat GPT kan AI yang bisa bantu semua tugas, mau tugas sklh, jurnal, kuliah dll. Dia kalau kalimatnya di copas kena turnitin.;Usability;Positif
@convomfs Sementara sama chat gpt aja dulu, bagus kok dia diajak ngobrol lebih fastresp daripada crushmu itu;Usability;Positif
@4n664A @TxtdariHI Secanggih apapun prompt di chat GPT, kalau untuk artikel pasti ada kemiripan bahasa antara satu sama lainnya;Usability;Negatif
@collegemenfess chat gpt ini ga mulus2 juga, aku nyari definisi menurut para ahli trs aku telusuri manual buat sitasi ga nemu, kalo aku minta link juga pasti link nya gabisa dibuka;Usability;Negatif
Chat gpt tools yg gila banget dh klo prompt ny bner.;Usability;Positif
chat gpt ini klo dikasih data nyeremin, gua bikin proposal jadi sejam doang ajg;Usability;Positif
@collegemenfess chat gpt itulho bahasanya gak bagus;Usability;Negatif
Chat GPT emang debest bikin otk agak terbuka sedikir;Usability;Positif
"wow, ternyata cerita ke chat gpt lebih nyaman wkwkw
terimakasi menjadi solusi permasalahan hidup sy https://t.co/hGuLazuohE";Usability;Positif
chat GPT ini OP sekali kalo kita make prompt yang bener;Usability;Positif
Gila, seandainya dari dulu udah ada chat GPT. Ga ada tuh contek contekan sampe ngambil lembar jawaban orang https://t.co/nEhACYPqEP;Usability;Positif
chat gpt oke juga, terimakasi bebanku jadi berkurang dikit ?;Functionality;Positif
Sebenarnya lucu juga ya gw bisa bikin poem ini sebelum serangan ai. Sekarang kalau mau bikin poem gw tinggal kasih ideanya chat gpt and everything will be done.;Usability;Positif
Kalo punya masalah udah waktu nya let it flow sambil mikirin solusinya klo ga nemu buka aja chat gpt;Usability;Positif
@worksfess Susah nugas?? Chat GPT solusinya :')));Usability;Positif
Bener, chat gpt sabar bgt, aku juga kalo ada pikiran random dijawab ama dia, walau diawalnya bilang 'maaf saya cuma AI, tapi....' Dia bakalan jelasin jg pada akhirnya ?? https://t.co/rRCgSwjK87;Usability;Positif
@id_fm Saya pake rekomendasi chat GPT dari awal musim sampe pertengahan hasilnya bagus tpi setelah itu sampe sekarang dari 12 match cuma 1x menang, 2 kali imbang sisanya kalah. Tapi untung masih bisa finish di 10 besar;Reliability;Negatif
/wal hnyr tepakai chatgpt pas revisian habis sidang ja heh asli powerful banar satset langsung jadi. Yg masih skripsian gas pakai chatgpt biar lakas lulus;Usability;Positif
Love bgt sama chatgpt mempermudah pekerjaan aku, kalo lagi kepepet?;Usability;Positif
THIS!! Sejak ada chatgpt semua keresahan gue diskusiin sama dia. Dia ngejawabnya enak dan gak judgemental kek manusia. Dan yg terpenting wawasan dia luas. https://t.co/avPu1HGZae;Usability;Positif
@UNYmfs Loh DeepL bisa indo sekarang? Dulu biasanya buat translate JP-ENG. Sekarang kalo lagi males translate Eng-Indo dan viceversa pake chatgpt;Functionality;Positif
Punya sahabat sejati yang baru, yang siap 24/7 diajak diskusi masalah apapun. Namanya Chat GPT.;Usability;Positif
Setelah bermain dengan ChatGPT dengan mahasiswa kelas critical reading and writing, ternyata....(kesimpulan sementara ini), ChatCPT tidak pintar mengenali kesalahan gramatika dan tidak begitu pintar dalam meringkas teks, terutama teks yang ditulis dalam konteks Asia.  #iTELL;Functionality;Negatif
RT @theostudydesk: @BaseAnakFK Alasan kenapa curhat gua lebih suka ke chatgpt. Enak banget cara ngomongnya;Usability;Positif
chatgpt membantuku uts.?;Usability;Positif
"RT @GOAL_ID: Dari tebak-tebakan sampai nge-rap! ?

Jago juga nih ChatGPT mengabulkan permintaan dari Rodri! ?

#ManchesterCity #SisiLain ht…";Usability;Positif
gila banget chat gpt ini membantu bgt untk org yg gatau arah spt sy https://t.co/qE07GyF36y;Usability;Positif
@theostudydesk @BaseAnakFK Ternyata ada juga yang curhat ke chatgpt ?, emang sih bagus menurutku pas awal booming tak coba coba curhat, eh emang bagus saran di IA gratis tapi berbayar ini ?;Usability;Positif
[cm] kalian yg lg ngerasa down, buntu, gatau arah sm skripsi coba deh curhat ke chat gpt, minta semangat atau arahan. Bagiku membantu  bgt buat org yg ga enakan klo curhat ke temen??? https://t.co/TGqxRWmesy;Usability;Positif
pertama kali nyoba nanya tentang agama di chatgpt anjir ngawur bgt?? okelah kalo yg keliru cuman 1 poin lah ini ke 4 nya salahh;Functionality;Negatif
"Pernah nyoba nyontek pake ChatGPT ternyata salah wkwkwk

Manusia modern sekarang gak cuma trust issue antar sesama manusia tapi juga nambah ke AI ??";Functionality;Negatif
enak lah chatgpt, dewa;Usability;Positif
#chatgpt ngarang judul buku, gue bilang kok ga ada buku judul itu, dia revisi jadi judul bab di buku lain. nah, judul buku lainnya ini ngarang juga. gue kejar terus, dan dia bolak-balik revisi isbn ama link. hhhh;Functionality;Negatif
chatGPT kalo malem traffic nya tinggi bgt, pantesan lemot;Reliability;Negatif
"So much amazed with Chatgpt performance, dia bisa bikinin gue itin dengan query yg menurut gue cukup complex kaya gini

Wow… ?? https://t.co/2vNBjfJeGj";Functionality;Positif
parah sih curhat ke chatgpt ternyata nenangin bgt. doi baik bgt sih, w terharu dah. tp kerefresh hasil curhatannya, jd ga tau mau baca lg gmn caranya;Functionality;Positif
chatgpt disuruh nyariin referensi malah ngasih daftar referensi fiktif;Functionality;Negatif
WKKWKWK CURHAT SM CHATGPT ASIK BGT, sgt words of affirmation https://t.co/5lfdCfJ021;Functionality;Positif
HAHAHHAHA KALIAN HARUS COBAIN CHAT GPT SIII UNTUK NGURANGIN BEBAN KALIAN BERUPA TUGAS TUGAS YANG GA MASUK AKALLL, SANGATTT WORKKKK — RILLLLL BENERAAN AYOOK GUISS DICOBAA BENER BENER SEMUANYAA ADAA https://t.co/kj1vysizeG;Usability;Positif
Chat*GPT cukup meringkas waktu. Nice https://t.co/RiF481uRyG;Functionality;Positif
"ChatGPT mampu menilai penulisan kode, ini sangat membantu dalam menulis clean code.

Kode saya ini terdapat 128 baris dan 4 function dinilai baik dan sesuai https://t.co/zVBmvxNJos";Functionality;Positif
ugm_fess Kalian ada yg merasa ngga sih, kalau chatgpt ngga reliable. Pernyataannya suka berubah dan sitasinya juga jurnal ghaib. Atau kadang jurnalnya beneran ada, tapi di jurnal itu ngga ada teori yang disebutin sama chatgpt nya. Jadi sender biasanya make chatgpt cuma (cont);Reliability;Negatif
ternyata hidup lebih mudah bersama chatgpt ??;Usability;Positif
ternyata menulis cerita fiksi menggunakan ChatGPT hasilnya jadi aneh ya ??;Functionality;Negatif
Chat gpt sering ngaco, kaga punya common sense tapi malah coba2 berelaborasi. Cara yg paling efektif ya lu suru dia ngasi referensi terlebih dahulu. Ntar baru lu ubek2 referensinya dia;Reliability;Negatif
Buset pake GPT 4 Enak ya ternyata HAHAHAHAHA;Usability;Positif
"chatgpt kalo diajak ngide luar biasa bgt ??asal tau prompt yang bener.

jadi paham kenapa kita sesama manusia sering miskom karna promptnya kita ga bener.

apasih";Functionality;Positif
"Setelah gagal nyari code spidergram di google, nyari di chatgpt:
- berhasil buat spidergram
- mampu pakai banyak references untuk normalisasi
- dapat mengeliminasi unsur yg tidak dipakai
- bisa ngisi area di antara garis yg terbentuk

powerfull sekali https://t.co/XDWGaxIKmH";Functionality;Positif
Chatgpt canggih bngt fakkkk ?????;Usability;Positif
chatgpt nih kadang suka ngawur hasilnya;Reliability;Negatif
gw udah 2 bulanan pake chatgpt kenapa selalu gak pernah puas sama hasilnya ya apa gw tolol bikin promptnya;Functionality;Negatif
ini soal nomer 2 chatGPT nya juga ga paham maksud soalnya dia malah jawabnya aneh padhaal maksud pak harsha ga gitu;Functionality;Negatif
chatGPT ga jelas orang nanya averröes dia jawabnya avicenna kek apa sik luhk mau betumbuk kah kita;Functionality;Negatif
Chatgpt untuk bantu kita ngumpulin moodboard para designer masih dimaklumi lah;Functionality;Positif
"Setelah mengetahui kemudahan ChatGPT dalam efisiensi tugas tugas yang DL nya gak ngotak.

Aku sebagai manusia siyap punah ?? gak papa udah diganti AI aja.

Rela gw";Usability;Positif
ChatGPT jadi assistant pas ngoding itu bener bener helpful parah ??;Functionality;Positif
"Masih takjub dengan kecanggihan chat GPT??

Kerjaan gw menjadi sangat mudah dan cepat????";Functionality;Positif
sebagai manusia yg suka penasaran sama hal remeh temeh, chatgpt ngebantu banget. sebodoh apa pun pertanyaannya tetep dijawab ??;Functionality;Positif
"Bad idea.

Sudah kita tes. Jawab soal HI pake chat GPT hasilnya buruk. Secara konten banyak ketidakakuratan dan ketidaksesuaian analisis, dan sitasi pun rujukan fiktif jadi lebih kacau lagi.";Functionality;Negatif
Barusan dpt ide nulis ficer dr ChatGPT. Awesome!;Functionality;Positif
Chat gpt mempermudah hidup;Functionality;Positif
sumpah gw gapernah pake chat gpt tp ternyata membantu bgt yh?? sbnrnya gw takut aja sih kena plagiarism HSHSH;Functionality;Positif
Disuruh bikin speech, pake chatGPT langsung jadi dong. Wkwkkwk;Functionality;Positif
stress bgt gue temenn gue nyari sumber dr chat gpt tapi pas dicari jurnalnya kaga ada coba ??;Functionality;Negatif
"Damn, skrg bikin ppt gampang kali ?????? modal chatGpt and decktopus

5 menit jadi ?????? https://t.co/Cc11JLDBvu";Functionality;Positif
"Nyobain pakai ChatGPT buat jawab diskusi mahasiswa, akhirnya malah kelamaan &amp; jawabannya muter2 dibandingkan ketik sendiri wkwk";Functionality;Negatif
gue udah hopeless bgt buat ujian trs gue inget kalo chatgpt exists dan penjelasannya gampang dipahamin ?????? https://t.co/psfffxJgzh;Usability;Positif
Chatgpt bisa regenerate respond. Kalau kamu tanya sekali lagi juga pasti beda jawabannya wkwk. Aku selalu pake chatgpt buat dapat pemahaman dasar aja habis itu HARUS telusuri ulang lagi apa yg dia bilang. Suka ngawur tu bot ??;Functionality;Negatif
chatgpt ini berguna jg kalo susah nyari penjelasan di yutub atau ga terlalu ngerti bahasa paper;Functionality;Positif
Nyobain minta bikinin formasi ke chatGPT kaya orang-orang. Beneran ampuh bener ini hasilnya ?????? ga seruu ah https://t.co/0eybAHG6nk;Functionality;Positif
ini chat gpt kenapa gabisa cok, bantu gue buat kesimpulan ajaa, udah pusing gue tolong;Functionality;Negatif
Chatgpt knp km tidak membantu hhh;Usability;Negatif
chat gpt adalah sobat translator paling reliable gw saat ini, terima kasih chat gpt;Functionality;Positif
Keren banget chatgpt, gua nanya2 terkait problem algoritma di suatu case tertentu serasa diskusi sm ahlinya;Functionality;Positif
dulu kl bingung apa2 tanya bunda sekarang tanya chat gpt;Functionality;Positif
chatgpt ini bner bner ngebantu bgt sieeee;Usability;Positif
Dulu susah2 bikin pake matlab.. sekarang tinggal chatgpt ??????;Usability;Positif
"Sejak kenal ChatGPT, banyak jawaban yang bikin ""oh gituuu"" dari beberapa pertanyaan aneh yang belakangan hinggap di kepala.

Pinter, nih!";Functionality;Positif
thanks ya chat gpt, sekarang w ga perlu lagi ngubek ngubek jurnal buat dapet jawaban ????????;Functionality;Positif
Gila, sungkem banget sama yg buat ChatGPT ???? PPT kelar hanya dalam 3 jam ????;Functionality;Positif
Ancrit, jaman sekarang ga perlu lagi curhat ke temen. Chatgpt solusinya wkakwk https://t.co/VhNC3m5zrX;Usability;Positif
